{
  "structure_only": {
    "pearson_r": 0.33325281739234924,
    "rmse": 2.465204954147339
  },
  "morphology_only": {
    "pearson_r": 0.6001793742179871,
    "rmse": 2.088312864303589
  },
  "concatenation": {
    "pearson_r": 0.6084734797477722,
    "rmse": 2.0542426109313965
  }
}