feature,shap_importance,compartment,feature_type
Cells_AreaShape_Zernike_4_2,0.007156368338650541,Cells,AreaShape
Cells_AreaShape_Orientation,0.005690169167501154,Cells,AreaShape
Cytoplasm_AreaShape_Orientation,0.005573996341596025,Cytoplasm,AreaShape
Nuclei_RadialDistribution_MeanFrac_DNA_1of4,0.005197381468564605,Nuclei,RadialDistribution
Nuclei_RadialDistribution_MeanFrac_DNA_2of4,0.005089814732990427,Nuclei,RadialDistribution
Nuclei_RadialDistribution_FracAtD_DNA_2of4,0.0050131606695192335,Nuclei,RadialDistribution
Cells_AreaShape_Zernike_2_2,0.004955456060249292,Cells,AreaShape
Nuclei_AreaShape_Zernike_2_2,0.004861557723197621,Nuclei,AreaShape
Cytoplasm_Granularity_10_ER,0.004576733348461143,Cytoplasm,Granularity
Nuclei_RadialDistribution_RadialCV_AGP_3of4,0.004431453631740234,Nuclei,RadialDistribution
Cells_RadialDistribution_FracAtD_mito_tubeness_12of16,0.004402825478344832,Cells,RadialDistribution
Cells_Granularity_10_ER,0.004337945870317006,Cells,Granularity
Cells_AreaShape_Zernike_9_3,0.004234528941534726,Cells,AreaShape
Nuclei_Granularity_15_RNA,0.004206038158060567,Nuclei,Granularity
Nuclei_RadialDistribution_FracAtD_DNA_1of4,0.004182606073216967,Nuclei,RadialDistribution
Cytoplasm_RadialDistribution_FracAtD_mito_tubeness_19of20,0.004156405861472844,Cytoplasm,RadialDistribution
Cytoplasm_Correlation_RWC_DNA_RNA,0.0041150764114328406,Cytoplasm,Correlation
Nuclei_Correlation_RWC_RNA_DNA,0.004109943340273666,Nuclei,Correlation
Cells_AreaShape_Zernike_7_1,0.004103270774895853,Cells,AreaShape
Cytoplasm_AreaShape_Zernike_2_2,0.003976301730311076,Cytoplasm,AreaShape
Nuclei_RadialDistribution_FracAtD_DNA_4of4,0.003907100044525578,Nuclei,RadialDistribution
Cells_AreaShape_Zernike_5_1,0.003869958173589631,Cells,AreaShape
Cells_Granularity_10_AGP,0.003834322460918754,Cells,Granularity
Nuclei_Texture_InfoMeas2_AGP_3_02_256,0.003818653185984918,Nuclei,Texture
Cells_AreaShape_Zernike_6_6,0.003758913173639615,Cells,AreaShape
Cells_AreaShape_Zernike_9_1,0.003698504131347623,Cells,AreaShape
Cytoplasm_Granularity_15_RNA,0.0036772659784349215,Cytoplasm,Granularity
Cells_RadialDistribution_FracAtD_mito_tubeness_15of20,0.0036751696113164404,Cells,RadialDistribution
Cells_Granularity_15_RNA,0.0036369063027957183,Cells,Granularity
Nuclei_RadialDistribution_RadialCV_AGP_1of4,0.0035937222249452,Nuclei,RadialDistribution
Cells_RadialDistribution_MeanFrac_mito_tubeness_4of20,0.003585392665267721,Cells,RadialDistribution
Cytoplasm_AreaShape_Zernike_6_6,0.0035691875023725777,Cytoplasm,AreaShape
Cytoplasm_Granularity_10_AGP,0.003567049100051268,Cytoplasm,Granularity
Cytoplasm_RadialDistribution_FracAtD_mito_tubeness_15of16,0.003554077504314981,Cytoplasm,RadialDistribution
Nuclei_Texture_Variance_Mito_10_03_256,0.0035512711877319298,Nuclei,Texture
Cells_RadialDistribution_FracAtD_mito_tubeness_4of20,0.0035489321798172872,Cells,RadialDistribution
Cells_Intensity_IntegratedIntensityEdge_ER,0.0035366453586487168,Cells,Intensity
Cells_Intensity_MinIntensityEdge_ER,0.0035145194197372933,Cells,Intensity
Nuclei_RadialDistribution_MeanFrac_DNA_4of4,0.0034903322576740592,Nuclei,RadialDistribution
Cytoplasm_RadialDistribution_FracAtD_DNA_1of4,0.003463748189013651,Cytoplasm,RadialDistribution
Nuclei_RadialDistribution_RadialCV_ER_1of4,0.0034604516352492606,Nuclei,RadialDistribution
Nuclei_Correlation_Correlation_Mito_RNA,0.0034579429461674797,Nuclei,Correlation
Cytoplasm_Intensity_MinIntensity_ER,0.003433304675646858,Cytoplasm,Intensity
Cytoplasm_Granularity_11_DNA,0.00342957702215894,Cytoplasm,Granularity
Nuclei_Texture_SumVariance_Mito_10_03_256,0.0034250450419079114,Nuclei,Texture
Cytoplasm_RadialDistribution_MeanFrac_mito_tubeness_15of16,0.0034238301410888586,Cytoplasm,RadialDistribution
Cytoplasm_RadialDistribution_RadialCV_DNA_1of4,0.0034104486949529797,Cytoplasm,RadialDistribution
Cytoplasm_AreaShape_Zernike_8_6,0.0034093431499786675,Cytoplasm,AreaShape
Cytoplasm_AreaShape_Extent,0.0034059507137447196,Cytoplasm,AreaShape
Nuclei_RadialDistribution_MeanFrac_RNA_2of4,0.0033457787580014804,Nuclei,RadialDistribution
Nuclei_Granularity_6_Mito,0.0033397558112379295,Nuclei,Granularity
Cytoplasm_Intensity_MassDisplacement_RNA,0.0033319376370093325,Cytoplasm,Intensity
Nuclei_Texture_Contrast_Mito_10_03_256,0.0033114943737122563,Nuclei,Texture
Cytoplasm_Intensity_MinIntensityEdge_ER,0.0033096457868980775,Cytoplasm,Intensity
Cells_Intensity_MinIntensity_ER,0.0033041648731783166,Cells,Intensity
Nuclei_Granularity_2_Mito,0.0032997591666688616,Nuclei,Granularity
Cytoplasm_AreaShape_Zernike_8_2,0.00327894134917837,Cytoplasm,AreaShape
Cytoplasm_RadialDistribution_MeanFrac_mito_tubeness_19of20,0.003275828989675834,Cytoplasm,RadialDistribution
Cells_RadialDistribution_RadialCV_mito_tubeness_15of20,0.0032733325829134886,Cells,RadialDistribution
Nuclei_Correlation_RWC_ER_DNA,0.0032689372087198925,Nuclei,Correlation
Nuclei_Texture_Correlation_DNA_3_02_256,0.003263085609069094,Nuclei,Texture
Nuclei_Granularity_10_AGP,0.003247878051572895,Nuclei,Granularity
Nuclei_RadialDistribution_RadialCV_ER_2of4,0.003242949590244929,Nuclei,RadialDistribution
Cells_Intensity_StdIntensityEdge_ER,0.0032427816189842164,Cells,Intensity
Cytoplasm_Granularity_9_AGP,0.003231401911367097,Cytoplasm,Granularity
Cells_Texture_InfoMeas1_DNA_10_01_256,0.0032063931906694573,Cells,Texture
Cells_RadialDistribution_MeanFrac_mito_tubeness_12of16,0.00320521513921059,Cells,RadialDistribution
Cells_Intensity_MassDisplacement_AGP,0.0031941739754360503,Cells,Intensity
Cytoplasm_RadialDistribution_RadialCV_mito_tubeness_13of16,0.003167412909055461,Cytoplasm,RadialDistribution
Cells_RadialDistribution_FracAtD_mito_tubeness_20of20,0.0031337082184784647,Cells,RadialDistribution
Nuclei_RadialDistribution_RadialCV_AGP_2of4,0.0031142730424325495,Nuclei,RadialDistribution
Nuclei_Intensity_MinIntensity_ER,0.00308263053115687,Nuclei,Intensity
Nuclei_Correlation_K_RNA_Mito,0.0030614321544999257,Nuclei,Correlation
Cells_Intensity_MassDisplacement_ER,0.0030518627902451304,Cells,Intensity
Nuclei_Texture_Correlation_DNA_3_01_256,0.003050617000137988,Nuclei,Texture
Nuclei_Texture_InfoMeas1_AGP_3_02_256,0.0030403659436706223,Nuclei,Texture
Cells_Intensity_MeanIntensityEdge_ER,0.003034248541267256,Cells,Intensity
Cytoplasm_Intensity_MassDisplacement_AGP,0.00302823901528557,Cytoplasm,Intensity
Nuclei_Correlation_K_ER_Mito,0.0030241220325530906,Nuclei,Correlation
Cytoplasm_Granularity_9_ER,0.003023124480345619,Cytoplasm,Granularity
Cells_RadialDistribution_MeanFrac_mito_tubeness_1of16,0.0030230076465107103,Cells,RadialDistribution
Nuclei_Correlation_K_AGP_ER,0.003021052419020894,Nuclei,Correlation
Nuclei_Correlation_RWC_Mito_RNA,0.003007332108661233,Nuclei,Correlation
Cells_AreaShape_Zernike_8_6,0.00298126487589408,Cells,AreaShape
Cells_Granularity_6_AGP,0.002976180738644741,Cells,Granularity
Cells_RadialDistribution_MeanFrac_mito_tubeness_15of20,0.0029745673813574417,Cells,RadialDistribution
Nuclei_Intensity_MaxIntensity_DNA,0.0029609659666363897,Nuclei,Intensity
Nuclei_Correlation_Correlation_DNA_Mito,0.002951151740032531,Nuclei,Correlation
Cytoplasm_AreaShape_Zernike_2_0,0.002949962562748364,Cytoplasm,AreaShape
Cells_RadialDistribution_MeanFrac_mito_tubeness_5of20,0.0029453660741065894,Cells,RadialDistribution
Cells_RadialDistribution_RadialCV_mito_tubeness_12of16,0.0029360432489193046,Cells,RadialDistribution
Cells_RadialDistribution_MeanFrac_mito_tubeness_4of16,0.002933306162473985,Cells,RadialDistribution
Cytoplasm_AreaShape_Zernike_4_2,0.0029223757550270032,Cytoplasm,AreaShape
Cells_RadialDistribution_MeanFrac_mito_tubeness_19of20,0.0029140850473179723,Cells,RadialDistribution
Cells_RadialDistribution_MeanFrac_mito_tubeness_14of20,0.002907792217946345,Cells,RadialDistribution
Cells_RadialDistribution_MeanFrac_mito_tubeness_12of20,0.002864582973208079,Cells,RadialDistribution
Cells_Texture_InfoMeas1_DNA_3_02_256,0.0028566905374646013,Cells,Texture
Cytoplasm_Correlation_RWC_DNA_ER,0.0028562689295878432,Cytoplasm,Correlation
Cytoplasm_Correlation_K_ER_Mito,0.0028562374485357265,Cytoplasm,Correlation
Cytoplasm_RadialDistribution_MeanFrac_AGP_1of4,0.002852174959698459,Cytoplasm,RadialDistribution
Cells_Granularity_9_AGP,0.002840103244605936,Cells,Granularity
Cells_RadialDistribution_MeanFrac_mito_tubeness_11of16,0.00282220953453881,Cells,RadialDistribution
Nuclei_Texture_Correlation_DNA_3_00_256,0.0028205180876882097,Nuclei,Texture
Cytoplasm_Granularity_13_Mito,0.002816781357874528,Cytoplasm,Granularity
Nuclei_Granularity_9_AGP,0.002814714411589583,Nuclei,Granularity
Nuclei_RadialDistribution_RadialCV_Mito_1of4,0.0028145786976632994,Nuclei,RadialDistribution
Nuclei_Correlation_K_Mito_RNA,0.0028132081689545884,Nuclei,Correlation
Cytoplasm_AreaShape_Zernike_9_3,0.002795860079284986,Cytoplasm,AreaShape
Cells_RadialDistribution_FracAtD_mito_tubeness_16of16,0.002795564918404645,Cells,RadialDistribution
Nuclei_AreaShape_Zernike_6_4,0.00278704720420397,Nuclei,AreaShape
Nuclei_Texture_Contrast_Mito_3_01_256,0.0027827439257699944,Nuclei,Texture
Nuclei_Texture_InfoMeas1_AGP_3_03_256,0.002780040846791962,Nuclei,Texture
Nuclei_Texture_Contrast_Mito_5_01_256,0.0027703930302543866,Nuclei,Texture
Nuclei_Intensity_MinIntensityEdge_ER,0.0027664442830986707,Nuclei,Intensity
Cytoplasm_Intensity_IntegratedIntensityEdge_ER,0.0027642049532628984,Cytoplasm,Intensity
Cells_AreaShape_Zernike_4_4,0.002764064431869753,Cells,AreaShape
Cytoplasm_Correlation_Correlation_ER_Mito,0.0027572189240579192,Cytoplasm,Correlation
Cytoplasm_Texture_InfoMeas1_DNA_5_00_256,0.0027488402177602567,Cytoplasm,Texture
Nuclei_Texture_Correlation_Mito_10_01_256,0.0027390237619813107,Nuclei,Texture
Cells_RadialDistribution_RadialCV_mito_tubeness_13of20,0.002730337201328439,Cells,RadialDistribution
Nuclei_AreaShape_Zernike_7_1,0.0027238704345823603,Nuclei,AreaShape
Cells_Correlation_K_RNA_Mito,0.0027129868890603706,Cells,Correlation
Nuclei_Granularity_13_AGP,0.0027121971648635477,Nuclei,Granularity
Cells_Correlation_K_ER_Mito,0.0027065755641654376,Cells,Correlation
Nuclei_Correlation_Correlation_AGP_DNA,0.0026951704417505036,Nuclei,Correlation
Nuclei_Texture_Contrast_Mito_5_02_256,0.0026701986039773017,Nuclei,Texture
Cells_RadialDistribution_FracAtD_mito_tubeness_13of20,0.00266999255085206,Cells,RadialDistribution
Cytoplasm_AreaShape_Solidity,0.0026682364064358156,Cytoplasm,AreaShape
Nuclei_Texture_SumVariance_Mito_3_02_256,0.0026651506326301646,Nuclei,Texture
Cytoplasm_RadialDistribution_RadialCV_mito_tubeness_17of20,0.002663865641162764,Cytoplasm,RadialDistribution
Cells_RadialDistribution_MeanFrac_mito_tubeness_1of20,0.002663218026708429,Cells,RadialDistribution
Cytoplasm_AreaShape_Zernike_8_8,0.0026616178855329055,Cytoplasm,AreaShape
Cells_RadialDistribution_RadialCV_mito_tubeness_14of20,0.002660642671689857,Cells,RadialDistribution
Cytoplasm_RadialDistribution_MeanFrac_mito_tubeness_18of20,0.0026601359184964426,Cytoplasm,RadialDistribution
Cytoplasm_RadialDistribution_RadialCV_mito_tubeness_14of16,0.0026594267244633685,Cytoplasm,RadialDistribution
Cytoplasm_Texture_InfoMeas2_AGP_3_03_256,0.0026584076031862685,Cytoplasm,Texture
Cells_RadialDistribution_FracAtD_mito_tubeness_1of20,0.0026519036944331934,Cells,RadialDistribution
Cytoplasm_Granularity_5_ER,0.0026408235562640973,Cytoplasm,Granularity
Cells_RadialDistribution_RadialCV_mito_tubeness_15of16,0.0026387176371749123,Cells,RadialDistribution
Cytoplasm_Correlation_K_RNA_Mito,0.0026373795651930517,Cytoplasm,Correlation
Cells_AreaShape_Zernike_7_5,0.0026241955165252355,Cells,AreaShape
Nuclei_Granularity_3_Mito,0.0026239185435172527,Nuclei,Granularity
Cells_Correlation_K_Mito_RNA,0.0026198542720313914,Cells,Correlation
Nuclei_AreaShape_Zernike_8_6,0.0026132362418411505,Nuclei,AreaShape
Cells_RadialDistribution_FracAtD_mito_tubeness_1of16,0.0026014385907910764,Cells,RadialDistribution
Cytoplasm_RadialDistribution_RadialCV_AGP_4of4,0.002600674345560817,Cytoplasm,RadialDistribution
Cytoplasm_Texture_Correlation_ER_10_01_256,0.0025971080144518055,Cytoplasm,Texture
Cells_RadialDistribution_FracAtD_mito_tubeness_14of20,0.0025962827874380827,Cells,RadialDistribution
Nuclei_Texture_Correlation_RNA_10_00_256,0.002591393593413938,Nuclei,Texture
Cells_Granularity_13_Mito,0.002580280036509066,Cells,Granularity
Cells_RadialDistribution_MeanFrac_mito_tubeness_16of16,0.0025789418815630985,Cells,RadialDistribution
Nuclei_Texture_InfoMeas2_AGP_3_00_256,0.002572260865175784,Nuclei,Texture
Cytoplasm_Intensity_MedianIntensity_ER,0.0025697639084371207,Cytoplasm,Intensity
Cells_RadialDistribution_MeanFrac_mito_tubeness_20of20,0.002569419113065773,Cells,RadialDistribution
Nuclei_Correlation_RWC_RNA_Mito,0.002559271375555129,Nuclei,Correlation
Cells_Intensity_IntegratedIntensityEdge_RNA,0.0025569955294096353,Cells,Intensity
Cytoplasm_Correlation_K_DNA_AGP,0.002554242270873926,Cytoplasm,Correlation
Cells_Correlation_RWC_Mito_AGP,0.0025515510177397767,Cells,Correlation
Nuclei_Texture_Variance_Mito_5_01_256,0.0025508655571944215,Nuclei,Texture
Cytoplasm_Granularity_16_Mito,0.0025485309952273383,Cytoplasm,Granularity
Nuclei_Granularity_5_Mito,0.0025468067057538846,Nuclei,Granularity
Nuclei_Texture_SumVariance_Mito_10_00_256,0.002544004458354964,Nuclei,Texture
Cytoplasm_Intensity_MassDisplacement_ER,0.0025370110959582752,Cytoplasm,Intensity
Nuclei_Texture_SumVariance_Mito_5_01_256,0.0025350396351963614,Nuclei,Texture
Cytoplasm_AreaShape_Compactness,0.0025205574195050367,Cytoplasm,AreaShape
Nuclei_Texture_InfoMeas2_AGP_5_00_256,0.0025183849624487004,Nuclei,Texture
Cells_RadialDistribution_FracAtD_mito_tubeness_11of16,0.0025176559246028775,Cells,RadialDistribution
Nuclei_RadialDistribution_MeanFrac_RNA_4of4,0.0025156843730993776,Nuclei,RadialDistribution
Cells_Correlation_K_ER_DNA,0.002515562365080249,Cells,Correlation
Nuclei_RadialDistribution_RadialCV_RNA_2of4,0.0025102164244422704,Nuclei,RadialDistribution
Cells_Texture_AngularSecondMoment_Mito_10_00_256,0.0025073597993884636,Cells,Texture
Nuclei_Texture_SumVariance_Mito_3_03_256,0.0024951512820530295,Nuclei,Texture
Cells_Intensity_StdIntensityEdge_RNA,0.00249418343450608,Cells,Intensity
Nuclei_Intensity_StdIntensity_AGP,0.002486948112190086,Nuclei,Intensity
Cytoplasm_Texture_InfoMeas2_AGP_5_02_256,0.0024857108356705535,Cytoplasm,Texture
Nuclei_Texture_Contrast_Mito_3_02_256,0.002485709537452619,Nuclei,Texture
Nuclei_Texture_SumVariance_Mito_3_01_256,0.0024854371466796824,Nuclei,Texture
Cytoplasm_Granularity_3_RNA,0.002485191435761018,Cytoplasm,Granularity
Nuclei_Texture_Contrast_Mito_3_00_256,0.0024811908428611267,Nuclei,Texture
Cells_Correlation_K_Mito_ER,0.002478755141073634,Cells,Correlation
Cytoplasm_Texture_InfoMeas1_AGP_5_03_256,0.002478427132113471,Cytoplasm,Texture
Nuclei_Intensity_MassDisplacement_DNA,0.00247451963758067,Nuclei,Intensity
Nuclei_Texture_Contrast_AGP_5_00_256,0.0024725397032671027,Nuclei,Texture
Cells_RadialDistribution_MeanFrac_mito_tubeness_3of16,0.00246884506722511,Cells,RadialDistribution
Cells_Intensity_MaxIntensityEdge_ER,0.0024682455477367123,Cells,Intensity
Nuclei_Granularity_2_RNA,0.0024652875601428345,Nuclei,Granularity
Cytoplasm_RadialDistribution_RadialCV_mito_tubeness_16of20,0.0024527666312392934,Cytoplasm,RadialDistribution
Nuclei_RadialDistribution_MeanFrac_ER_1of4,0.002449598603042042,Nuclei,RadialDistribution
Nuclei_Granularity_6_AGP,0.0024461050861698044,Nuclei,Granularity
Cytoplasm_RadialDistribution_MeanFrac_AGP_3of4,0.002432457080503809,Cytoplasm,RadialDistribution
Cells_AreaShape_Zernike_6_0,0.002432032420412205,Cells,AreaShape
Cytoplasm_Texture_Contrast_DNA_5_03_256,0.002431620139446815,Cytoplasm,Texture
Nuclei_Texture_Contrast_Mito_5_03_256,0.0024307445812675205,Nuclei,Texture
Cytoplasm_RadialDistribution_RadialCV_mito_tubeness_18of20,0.002423931143504368,Cytoplasm,RadialDistribution
Cells_RadialDistribution_RadialCV_AGP_3of4,0.002421099856811842,Cells,RadialDistribution
Nuclei_Correlation_RWC_DNA_ER,0.0024202886875458974,Nuclei,Correlation
Cells_Intensity_MaxIntensityEdge_AGP,0.0024137582380665532,Cells,Intensity
Cytoplasm_Texture_Correlation_Mito_5_01_256,0.002408616557461625,Cytoplasm,Texture
Nuclei_Texture_SumVariance_Mito_5_02_256,0.002407657937811304,Nuclei,Texture
Cells_Granularity_16_Mito,0.0024063743261779433,Cells,Granularity
Nuclei_AreaShape_Zernike_8_0,0.002403602219346794,Nuclei,AreaShape
Nuclei_Texture_Contrast_Mito_3_03_256,0.002403503835860517,Nuclei,Texture
Cells_AreaShape_Zernike_6_4,0.002401389507379333,Cells,AreaShape
Nuclei_Texture_Contrast_AGP_10_01_256,0.0023973968072511656,Nuclei,Texture
Nuclei_Granularity_13_Mito,0.0023961247672273853,Nuclei,Granularity
Cells_Texture_AngularSecondMoment_Mito_10_02_256,0.0023889014776380334,Cells,Texture
Cells_AreaShape_Zernike_7_3,0.0023827818679118145,Cells,AreaShape
Nuclei_Correlation_K_ER_AGP,0.0023818710708318185,Nuclei,Correlation
Nuclei_Texture_SumVariance_Mito_3_00_256,0.0023737414680597016,Nuclei,Texture
Nuclei_Texture_InfoMeas2_AGP_3_03_256,0.0023708620828360185,Nuclei,Texture
Cells_RadialDistribution_MeanFrac_mito_tubeness_11of20,0.0023700745569242695,Cells,RadialDistribution
Cells_Texture_AngularSecondMoment_Mito_10_01_256,0.0023565274537811222,Cells,Texture
Nuclei_Granularity_16_Mito,0.0023513477395629575,Nuclei,Granularity
Cytoplasm_Texture_Variance_DNA_5_02_256,0.002350633593585891,Cytoplasm,Texture
Nuclei_Parent_NucleiIncludingEdges,0.00234734718650673,Nuclei,Parent
Nuclei_Texture_Variance_Mito_3_03_256,0.0023444018901968124,Nuclei,Texture
Cells_RadialDistribution_MeanFrac_mito_tubeness_14of16,0.002343005707329472,Cells,RadialDistribution
Cells_Texture_AngularSecondMoment_Mito_5_01_256,0.002335300694992059,Cells,Texture
Nuclei_Correlation_K_AGP_RNA,0.002332914131568811,Nuclei,Correlation
Cytoplasm_Texture_DifferenceEntropy_DNA_5_02_256,0.0023300319041715868,Cytoplasm,Texture
Cells_RadialDistribution_FracAtD_mito_tubeness_11of20,0.0023292447300523886,Cells,RadialDistribution
Cells_Intensity_MaxIntensityEdge_RNA,0.0023258369987680843,Cells,Intensity
Cytoplasm_RadialDistribution_RadialCV_AGP_1of4,0.002318911818510969,Cytoplasm,RadialDistribution
Cytoplasm_AreaShape_Zernike_7_1,0.0023174655834113113,Cytoplasm,AreaShape
Nuclei_Texture_SumVariance_Mito_5_03_256,0.0023159795168560646,Nuclei,Texture
Cells_RadialDistribution_MeanFrac_mito_tubeness_2of16,0.0023120648502377404,Cells,RadialDistribution
Cytoplasm_Granularity_13_AGP,0.002311420231095066,Cytoplasm,Granularity
Cells_RadialDistribution_FracAtD_mito_tubeness_9of16,0.002309612948946389,Cells,RadialDistribution
Cytoplasm_Correlation_K_Mito_ER,0.002304443389917391,Cytoplasm,Correlation
Cells_RadialDistribution_MeanFrac_mito_tubeness_9of16,0.002303814223372943,Cells,RadialDistribution
Cytoplasm_Intensity_LowerQuartileIntensity_ER,0.0023020704208075973,Cytoplasm,Intensity
Nuclei_Texture_Variance_AGP_10_01_256,0.0022995972262080094,Nuclei,Texture
Cells_Granularity_13_AGP,0.002297363851630507,Cells,Granularity
Cells_RadialDistribution_MeanFrac_mito_tubeness_17of20,0.002295837240302977,Cells,RadialDistribution
Cells_Texture_InfoMeas1_DNA_3_00_256,0.0022952645203622524,Cells,Texture
Cells_RadialDistribution_FracAtD_mito_tubeness_2of16,0.002293511344084566,Cells,RadialDistribution
Cells_RadialDistribution_FracAtD_mito_tubeness_3of20,0.002292253509370182,Cells,RadialDistribution
Cytoplasm_Texture_InfoMeas2_AGP_3_02_256,0.0022880453190425344,Cytoplasm,Texture
Cytoplasm_Granularity_14_DNA,0.002285118343783584,Cytoplasm,Granularity
Cytoplasm_Intensity_LowerQuartileIntensity_DNA,0.0022799854556901015,Cytoplasm,Intensity
Cells_Intensity_MassDisplacement_RNA,0.0022794066314502613,Cells,Intensity
Cytoplasm_Granularity_7_ER,0.0022769906235251777,Cytoplasm,Granularity
Cytoplasm_Texture_InfoMeas2_AGP_5_03_256,0.002274366805234292,Cytoplasm,Texture
Cytoplasm_Texture_Variance_DNA_5_03_256,0.002270002742957981,Cytoplasm,Texture
Nuclei_Intensity_MassDisplacement_AGP,0.0022669651527940007,Nuclei,Intensity
Nuclei_Texture_Entropy_DNA_10_02_256,0.00225904612688672,Nuclei,Texture
Nuclei_Texture_SumVariance_Mito_10_02_256,0.002257929153209781,Nuclei,Texture
Cells_Intensity_MaxIntensity_DNA,0.0022543592551161444,Cells,Intensity
Nuclei_Texture_InfoMeas1_AGP_3_00_256,0.0022518252451871894,Nuclei,Texture
Cytoplasm_Granularity_6_AGP,0.0022504194218137333,Cytoplasm,Granularity
Nuclei_Correlation_RWC_DNA_Mito,0.002245996973423254,Nuclei,Correlation
Cells_Correlation_RWC_ER_DNA,0.0022435190167951597,Cells,Correlation
Nuclei_Texture_SumVariance_Mito_5_00_256,0.002242897796116137,Nuclei,Texture
Nuclei_Texture_Correlation_DNA_10_02_256,0.002242610071447676,Nuclei,Texture
Nuclei_Texture_Correlation_DNA_3_03_256,0.002241439113526472,Nuclei,Texture
Nuclei_Texture_Correlation_RNA_10_03_256,0.0022369708476721174,Nuclei,Texture
Nuclei_Texture_Variance_Mito_10_02_256,0.002235445238833823,Nuclei,Texture
Cytoplasm_Granularity_14_Mito,0.0022351877124668004,Cytoplasm,Granularity
Nuclei_Texture_SumVariance_Mito_10_01_256,0.0022345355760002607,Nuclei,Texture
Cytoplasm_AreaShape_Zernike_6_2,0.0022333889088458495,Cytoplasm,AreaShape
Cells_RadialDistribution_RadialCV_mito_tubeness_11of16,0.0022299166182762876,Cells,RadialDistribution
Cells_RadialDistribution_RadialCV_mito_tubeness_9of16,0.002222457148163812,Cells,RadialDistribution
Cells_Texture_AngularSecondMoment_Mito_10_03_256,0.0022194767801764622,Cells,Texture
Cells_RadialDistribution_MeanFrac_mito_tubeness_5of16,0.002219439441801764,Cells,RadialDistribution
Cytoplasm_Intensity_MinIntensityEdge_RNA,0.002216346143811409,Cytoplasm,Intensity
Nuclei_RadialDistribution_RadialCV_AGP_4of4,0.00221508393597365,Nuclei,RadialDistribution
Cells_Granularity_8_ER,0.002213064601091901,Cells,Granularity
Cells_Granularity_11_RNA,0.0022127426003706726,Cells,Granularity
Nuclei_Texture_Variance_Mito_5_03_256,0.0022119980083828393,Nuclei,Texture
Nuclei_Granularity_10_Mito,0.0022095163117254353,Nuclei,Granularity
Nuclei_Granularity_10_ER,0.0022082830625835674,Nuclei,Granularity
Cytoplasm_RadialDistribution_RadialCV_Mito_1of4,0.002205799080610242,Cytoplasm,RadialDistribution
Cells_AreaShape_Zernike_7_7,0.0022042655116008194,Cells,AreaShape
Nuclei_Texture_Contrast_Mito_10_02_256,0.0022029124462018706,Nuclei,Texture
Nuclei_Texture_Correlation_DNA_5_01_256,0.0022001558317106176,Nuclei,Texture
Nuclei_RadialDistribution_MeanFrac_ER_4of4,0.002198614003266682,Nuclei,RadialDistribution
Nuclei_Correlation_K_Mito_ER,0.0021979921255530954,Nuclei,Correlation
Nuclei_Texture_Variance_Mito_3_00_256,0.0021979691789394047,Nuclei,Texture
Nuclei_RadialDistribution_RadialCV_RNA_1of4,0.0021978452197903868,Nuclei,RadialDistribution
Cells_Correlation_K_AGP_DNA,0.002195618589259019,Cells,Correlation
Cytoplasm_Granularity_1_ER,0.0021945490452656355,Cytoplasm,Granularity
Cells_Texture_Correlation_DNA_3_01_256,0.002187457913873264,Cells,Texture
Cytoplasm_Correlation_RWC_Mito_AGP,0.0021865580494753495,Cytoplasm,Correlation
Cytoplasm_Correlation_RWC_DNA_AGP,0.0021807074448068828,Cytoplasm,Correlation
Nuclei_Correlation_K_DNA_Mito,0.0021803224488914047,Nuclei,Correlation
Cytoplasm_Texture_InfoMeas2_DNA_3_01_256,0.0021800149831791974,Cytoplasm,Texture
Cytoplasm_Intensity_MeanIntensity_AGP,0.00217992448250048,Cytoplasm,Intensity
Cytoplasm_Correlation_K_AGP_Mito,0.0021791849469523835,Cytoplasm,Correlation
Cytoplasm_Granularity_1_AGP,0.0021774579296678503,Cytoplasm,Granularity
Cytoplasm_Granularity_8_ER,0.002176896419280508,Cytoplasm,Granularity
Nuclei_Granularity_2_ER,0.0021643270863153574,Nuclei,Granularity
Cytoplasm_Intensity_MinIntensityEdge_Mito,0.002161726091838188,Cytoplasm,Intensity
Cytoplasm_Granularity_11_RNA,0.0021575795214240703,Cytoplasm,Granularity
Nuclei_Granularity_14_AGP,0.0021551440323569946,Nuclei,Granularity
Cytoplasm_Correlation_Correlation_AGP_Mito,0.002154079010337487,Cytoplasm,Correlation
Cells_Neighbors_FirstClosestObjectNumber_5,0.002152616230190948,Cells,Neighbors
Cells_AreaShape_Zernike_8_8,0.0021523105339890337,Cells,AreaShape
Cells_Correlation_Correlation_AGP_Mito,0.002150712006093402,Cells,Correlation
Nuclei_RadialDistribution_MeanFrac_RNA_1of4,0.002140560691524505,Nuclei,RadialDistribution
Nuclei_Texture_Correlation_AGP_3_02_256,0.0021391057698747318,Nuclei,Texture
Cytoplasm_RadialDistribution_RadialCV_ER_1of4,0.0021388554303666753,Cytoplasm,RadialDistribution
Cytoplasm_Texture_DifferenceEntropy_DNA_5_03_256,0.002137999578002824,Cytoplasm,Texture
Nuclei_Texture_Correlation_ER_5_00_256,0.002137822739492289,Nuclei,Texture
Nuclei_Texture_Variance_Mito_5_02_256,0.0021369680711671077,Nuclei,Texture
Cytoplasm_Intensity_UpperQuartileIntensity_ER,0.0021362926790399277,Cytoplasm,Intensity
Cytoplasm_Correlation_K_Mito_RNA,0.0021347191161268193,Cytoplasm,Correlation
Cells_Intensity_MinIntensityEdge_Mito,0.0021330427812582846,Cells,Intensity
Cytoplasm_Texture_Entropy_DNA_5_03_256,0.0021328527970646454,Cytoplasm,Texture
Cells_Texture_AngularSecondMoment_Mito_5_03_256,0.0021298942314803885,Cells,Texture
Nuclei_Intensity_MADIntensity_ER,0.0021294944168377176,Nuclei,Intensity
Cells_Intensity_MinIntensity_Mito,0.002128397817928739,Cells,Intensity
Cells_Intensity_LowerQuartileIntensity_ER,0.002126381826404083,Cells,Intensity
Cells_RadialDistribution_RadialCV_mito_tubeness_8of16,0.002125473123351185,Cells,RadialDistribution
Nuclei_Texture_Contrast_Mito_5_00_256,0.0021197619957144657,Nuclei,Texture
Nuclei_Texture_Variance_Mito_5_00_256,0.0021163374260296615,Nuclei,Texture
Cells_RadialDistribution_RadialCV_mito_tubeness_11of20,0.002113535980263675,Cells,RadialDistribution
Cells_Granularity_7_ER,0.002112003327981386,Cells,Granularity
Cells_RadialDistribution_RadialCV_AGP_4of4,0.002111707237792351,Cells,RadialDistribution
Nuclei_Texture_Contrast_AGP_10_00_256,0.002110567890424266,Nuclei,Texture
Cells_Texture_AngularSecondMoment_Mito_3_02_256,0.0021090338645730557,Cells,Texture
Cells_Neighbors_PercentTouching_5,0.002108878471439571,Cells,Neighbors
Cells_Granularity_8_DNA,0.0021074036095420265,Cells,Granularity
Cytoplasm_Texture_Variance_DNA_5_01_256,0.002104523525426235,Cytoplasm,Texture
Nuclei_Texture_Variance_Mito_3_01_256,0.002103437667358646,Nuclei,Texture
Cytoplasm_Intensity_MinIntensity_Mito,0.0021020206588699304,Cytoplasm,Intensity
Cells_Texture_AngularSecondMoment_Mito_3_01_256,0.002101076564050735,Cells,Texture
Nuclei_ObjectSkeleton_TotalObjectSkeletonLength_mito_skel,0.0020917895597865155,Nuclei,ObjectSkeleton
Nuclei_Granularity_8_AGP,0.0020868136319456554,Nuclei,Granularity
Cytoplasm_Texture_InverseDifferenceMoment_ER_10_01_256,0.0020850306844970743,Cytoplasm,Texture
Cells_Texture_AngularSecondMoment_Mito_5_00_256,0.002084102920925943,Cells,Texture
Cells_Intensity_MedianIntensity_ER,0.0020835360621874444,Cells,Intensity
Cells_RadialDistribution_RadialCV_mito_tubeness_18of20,0.002082817951616432,Cells,RadialDistribution
Cells_Correlation_RWC_RNA_Mito,0.0020806638105230896,Cells,Correlation
Nuclei_Number_Object_Number,0.0020803515898504495,Nuclei,Number
Cells_RadialDistribution_RadialCV_mito_tubeness_10of20,0.0020785374798586937,Cells,RadialDistribution
Cytoplasm_Correlation_K_AGP_DNA,0.0020778928387984964,Cytoplasm,Correlation
Nuclei_Texture_InverseDifferenceMoment_ER_5_01_256,0.0020755738357391756,Nuclei,Texture
Nuclei_Neighbors_FirstClosestObjectNumber_1,0.002072776848327911,Nuclei,Neighbors
Cytoplasm_Granularity_11_AGP,0.0020694788683255994,Cytoplasm,Granularity
Cytoplasm_RadialDistribution_RadialCV_mito_tubeness_15of20,0.0020665859733708203,Cytoplasm,RadialDistribution
Cells_Texture_Correlation_DNA_10_01_256,0.0020601665978724018,Cells,Texture
Cytoplasm_RadialDistribution_RadialCV_Mito_2of4,0.002059954602134115,Cytoplasm,RadialDistribution
Cells_RadialDistribution_MeanFrac_mito_tubeness_10of16,0.002059618026199002,Cells,RadialDistribution
Nuclei_Granularity_8_DNA,0.002058355165042615,Nuclei,Granularity
Nuclei_Texture_Entropy_DNA_10_00_256,0.002056093681499728,Nuclei,Texture
Cytoplasm_Texture_Variance_DNA_3_03_256,0.00205584561177862,Cytoplasm,Texture
Nuclei_Texture_SumAverage_DNA_10_00_256,0.0020548564433270906,Nuclei,Texture
Cells_RadialDistribution_MeanFrac_mito_tubeness_6of20,0.0020531270601635955,Cells,RadialDistribution
Cytoplasm_Texture_AngularSecondMoment_Mito_10_02_256,0.002045491137856256,Cytoplasm,Texture
Cells_Texture_AngularSecondMoment_Mito_5_02_256,0.0020448175804364966,Cells,Texture
Cells_Texture_InfoMeas1_AGP_5_03_256,0.0020440551672904154,Cells,Texture
Cells_Texture_AngularSecondMoment_Mito_3_00_256,0.002040376987684535,Cells,Texture
Cytoplasm_Texture_Correlation_Mito_5_02_256,0.0020403325433796583,Cytoplasm,Texture
Nuclei_Texture_Contrast_Mito_10_01_256,0.0020362807384559085,Nuclei,Texture
Cells_Texture_AngularSecondMoment_Mito_3_03_256,0.0020321990605433322,Cells,Texture
Cytoplasm_AreaShape_BoundingBoxMinimum_X,0.0020317225187363873,Cytoplasm,AreaShape
Nuclei_Texture_Correlation_DNA_5_00_256,0.0020299659792336958,Nuclei,Texture
Nuclei_Granularity_13_DNA,0.0020296836182257852,Nuclei,Granularity
Cells_Texture_Correlation_DNA_10_00_256,0.002029675083496321,Cells,Texture
Cells_AreaShape_BoundingBoxMinimum_X,0.0020283764936279373,Cells,AreaShape
Cells_Granularity_9_ER,0.002024795946261812,Cells,Granularity
Nuclei_Granularity_11_AGP,0.002023520469753878,Nuclei,Granularity
Cytoplasm_Granularity_14_ER,0.002023348621796036,Cytoplasm,Granularity
Cells_Texture_Correlation_DNA_10_02_256,0.002022522246185352,Cells,Texture
Cells_Neighbors_PercentTouching_Adjacent,0.0020204726708938584,Cells,Neighbors
Nuclei_Texture_Variance_Mito_3_02_256,0.002018784459692792,Nuclei,Texture
Cytoplasm_RadialDistribution_RadialCV_DNA_2of4,0.0020182820556042965,Cytoplasm,RadialDistribution
Cells_Intensity_MeanIntensityEdge_RNA,0.0020180035543229937,Cells,Intensity
Cytoplasm_RadialDistribution_MeanFrac_AGP_2of4,0.002016063101306957,Cytoplasm,RadialDistribution
Cells_Intensity_MinIntensityEdge_RNA,0.00201572893692563,Cells,Intensity
Nuclei_Texture_SumVariance_AGP_3_01_256,0.0020154433502258535,Nuclei,Texture
Cells_RadialDistribution_MeanFrac_mito_tubeness_13of20,0.0020144455325706596,Cells,RadialDistribution
Nuclei_Correlation_Correlation_DNA_ER,0.0020132554852885474,Nuclei,Correlation
Nuclei_AreaShape_Zernike_2_0,0.002013028213488204,Nuclei,AreaShape
Nuclei_Correlation_Correlation_ER_Mito,0.0020118711286652665,Nuclei,Correlation
Nuclei_Texture_InverseDifferenceMoment_ER_10_02_256,0.0020105256015501382,Nuclei,Texture
Nuclei_Granularity_14_ER,0.0020062080233141646,Nuclei,Granularity
Cells_AreaShape_Eccentricity,0.00200358068780458,Cells,AreaShape
Cytoplasm_Texture_InfoMeas1_AGP_3_03_256,0.0020032464255356377,Cytoplasm,Texture
Nuclei_Texture_Variance_Mito_10_01_256,0.002000826635235821,Nuclei,Texture
Cytoplasm_Granularity_13_RNA,0.0019979418378976072,Cytoplasm,Granularity
Cytoplasm_RadialDistribution_RadialCV_mito_tubeness_12of16,0.0019965245943084093,Cytoplasm,RadialDistribution
Cytoplasm_Correlation_Correlation_DNA_ER,0.0019957543607259658,Cytoplasm,Correlation
Cytoplasm_Number_Object_Number,0.001994985292320572,Cytoplasm,Number
Cytoplasm_RadialDistribution_RadialCV_Mito_3of4,0.001993097542508622,Cytoplasm,RadialDistribution
Cytoplasm_AreaShape_Zernike_9_9,0.001990350902513975,Cytoplasm,AreaShape
Nuclei_Texture_InfoMeas1_ER_3_03_256,0.001986766596823405,Nuclei,Texture
Cytoplasm_RadialDistribution_RadialCV_ER_4of4,0.0019772307994883574,Cytoplasm,RadialDistribution
Cells_Correlation_K_AGP_Mito,0.0019753094994358175,Cells,Correlation
Nuclei_Texture_SumAverage_ER_3_01_256,0.0019686163672304247,Nuclei,Texture
Cells_RadialDistribution_FracAtD_mito_tubeness_4of16,0.001964622615851113,Cells,RadialDistribution
Cells_Intensity_MADIntensity_ER,0.0019626142265250176,Cells,Intensity
Cells_Granularity_7_RNA,0.0019602605822625005,Cells,Granularity
Cytoplasm_Texture_SumAverage_ER_5_03_256,0.00195844499310754,Cytoplasm,Texture
Cells_Granularity_14_Mito,0.001956107355810153,Cells,Granularity
Nuclei_Texture_SumVariance_AGP_5_02_256,0.0019534079057432663,Nuclei,Texture
Cells_Texture_InfoMeas1_RNA_3_01_256,0.001953275084192033,Cells,Texture
Cytoplasm_Texture_Correlation_Mito_10_02_256,0.0019530563809842404,Cytoplasm,Texture
Cells_RadialDistribution_RadialCV_mito_tubeness_16of20,0.0019522273424497274,Cells,RadialDistribution
Nuclei_Texture_InverseDifferenceMoment_ER_10_00_256,0.0019503812885445118,Nuclei,Texture
Nuclei_Texture_Entropy_DNA_5_00_256,0.0019482475672806946,Nuclei,Texture
Cytoplasm_AreaShape_Zernike_7_7,0.001948108961795307,Cytoplasm,AreaShape
Cells_Granularity_14_ER,0.00194776511071333,Cells,Granularity
Cells_Granularity_11_DNA,0.0019458571374239648,Cells,Granularity
Cytoplasm_Granularity_15_ER,0.001941284052528707,Cytoplasm,Granularity
Nuclei_Texture_Correlation_DNA_10_01_256,0.0019365353857262691,Nuclei,Texture
Cells_RadialDistribution_FracAtD_ER_3of4,0.0019351085343558745,Cells,RadialDistribution
Nuclei_Correlation_K_ER_DNA,0.0019350009915459461,Nuclei,Correlation
Cells_Correlation_Correlation_AGP_ER,0.0019328878311197124,Cells,Correlation
Cells_Granularity_10_Mito,0.0019314205509233164,Cells,Granularity
Cytoplasm_Correlation_Correlation_AGP_RNA,0.0019290276604754452,Cytoplasm,Correlation
Cytoplasm_Intensity_MinIntensity_RNA,0.001925632239472179,Cytoplasm,Intensity
Cells_Intensity_MeanIntensityEdge_AGP,0.001923727638895798,Cells,Intensity
Cytoplasm_Texture_Correlation_Mito_3_03_256,0.001922594141947879,Cytoplasm,Texture
Cytoplasm_Intensity_MeanIntensity_ER,0.0019218846853410858,Cytoplasm,Intensity
Cytoplasm_Texture_Correlation_Mito_3_01_256,0.0019216993768973875,Cytoplasm,Texture
Cytoplasm_Texture_AngularSecondMoment_Mito_10_00_256,0.001921310324557583,Cytoplasm,Texture
Nuclei_Granularity_11_RNA,0.0019204045035855545,Nuclei,Granularity
Nuclei_Texture_Contrast_AGP_5_03_256,0.001919652637526659,Nuclei,Texture
Cytoplasm_Texture_SumAverage_ER_3_03_256,0.0019194247340159824,Cytoplasm,Texture
Nuclei_Texture_SumAverage_ER_5_01_256,0.001918621695305254,Nuclei,Texture
Nuclei_Granularity_4_Mito,0.0019169228079928351,Nuclei,Granularity
Cells_Correlation_K_DNA_Mito,0.0019164510755269606,Cells,Correlation
Cells_Granularity_1_AGP,0.0019158500743911386,Cells,Granularity
Cytoplasm_Intensity_MADIntensity_DNA,0.0019153128664246262,Cytoplasm,Intensity
Nuclei_Texture_Contrast_AGP_3_03_256,0.0019137878732778646,Nuclei,Texture
Nuclei_Texture_SumVariance_AGP_3_02_256,0.001913067681135934,Nuclei,Texture
Nuclei_Texture_InfoMeas1_AGP_3_01_256,0.0019129507401820383,Nuclei,Texture
Nuclei_Texture_SumAverage_ER_5_00_256,0.0019124225663004577,Nuclei,Texture
Cytoplasm_Texture_InverseDifferenceMoment_ER_10_00_256,0.0019121068448917607,Cytoplasm,Texture
Cytoplasm_RadialDistribution_FracAtD_mito_tubeness_18of20,0.0019113169674944532,Cytoplasm,RadialDistribution
Nuclei_Correlation_RWC_DNA_RNA,0.0019097012514456375,Nuclei,Correlation
Nuclei_Granularity_16_RNA,0.0019090689513391876,Nuclei,Granularity
Cytoplasm_Granularity_9_DNA,0.0019082563717217583,Cytoplasm,Granularity
Cells_RadialDistribution_MeanFrac_mito_tubeness_18of20,0.0019072197798134637,Cells,RadialDistribution
Cells_RadialDistribution_RadialCV_mito_tubeness_5of16,0.0019063863343113294,Cells,RadialDistribution
Cells_RadialDistribution_RadialCV_mito_tubeness_19of20,0.0019061937473868187,Cells,RadialDistribution
Nuclei_Texture_Entropy_DNA_3_01_256,0.0019049548263551839,Nuclei,Texture
Nuclei_ObjectSkeleton_NumberNonTrunkBranches_mito_skel,0.001904439421081666,Nuclei,ObjectSkeleton
Nuclei_Texture_Variance_Mito_10_00_256,0.0019041309317357705,Nuclei,Texture
Cytoplasm_Texture_Correlation_Mito_5_00_256,0.001900972144503612,Cytoplasm,Texture
Nuclei_Texture_Entropy_ER_3_03_256,0.0019005013377474305,Nuclei,Texture
Cytoplasm_Granularity_7_Mito,0.0019002628630135274,Cytoplasm,Granularity
Cytoplasm_Texture_AngularSecondMoment_Mito_5_03_256,0.0019000505190238722,Cytoplasm,Texture
Nuclei_Texture_Correlation_DNA_10_00_256,0.0018984106920496354,Nuclei,Texture
Cells_Granularity_7_Mito,0.0018964165659937342,Cells,Granularity
Cells_RadialDistribution_FracAtD_mito_tubeness_12of20,0.0018936803739052267,Cells,RadialDistribution
Cytoplasm_Correlation_Correlation_AGP_ER,0.0018922463875359037,Cytoplasm,Correlation
Cells_Texture_InfoMeas1_AGP_3_02_256,0.0018870844521760384,Cells,Texture
Nuclei_Texture_Entropy_DNA_3_02_256,0.001886450509856721,Nuclei,Texture
Nuclei_Texture_Entropy_DNA_5_03_256,0.0018852748467920069,Nuclei,Texture
Cells_RadialDistribution_MeanFrac_mito_tubeness_15of16,0.0018839268133160657,Cells,RadialDistribution
Cytoplasm_Granularity_13_DNA,0.0018835531854555093,Cytoplasm,Granularity
Cells_AreaShape_Zernike_9_9,0.0018834294490674048,Cells,AreaShape
Nuclei_Texture_Entropy_DNA_5_02_256,0.0018830313282153708,Nuclei,Texture
Cells_Granularity_11_AGP,0.001882938620713373,Cells,Granularity
Cytoplasm_RadialDistribution_FracAtD_mito_tubeness_12of20,0.001881960699352021,Cytoplasm,RadialDistribution
Nuclei_Correlation_RWC_Mito_DNA,0.0018815479494635058,Nuclei,Correlation
Cells_Granularity_14_AGP,0.0018809617772266004,Cells,Granularity
Nuclei_Texture_SumAverage_ER_3_02_256,0.0018805412783487036,Nuclei,Texture
Cytoplasm_RadialDistribution_FracAtD_Mito_1of4,0.0018796767679240085,Cytoplasm,RadialDistribution
Cells_RadialDistribution_RadialCV_AGP_1of4,0.0018779922986349059,Cells,RadialDistribution
Nuclei_Texture_SumAverage_ER_3_03_256,0.0018774726314222789,Nuclei,Texture
Nuclei_Texture_Correlation_AGP_3_03_256,0.0018763574871991295,Nuclei,Texture
Nuclei_Texture_SumAverage_ER_5_03_256,0.0018743079845236414,Nuclei,Texture
Nuclei_Texture_Entropy_DNA_3_03_256,0.0018735366827058897,Nuclei,Texture
Nuclei_Granularity_7_AGP,0.0018680924771904627,Nuclei,Granularity
Cytoplasm_RadialDistribution_RadialCV_mito_tubeness_15of16,0.0018680391419411534,Cytoplasm,RadialDistribution
Cells_Texture_InfoMeas1_AGP_3_03_256,0.0018674270400463554,Cells,Texture
Cells_RadialDistribution_FracAtD_mito_tubeness_8of16,0.001866143151076228,Cells,RadialDistribution
Cytoplasm_Granularity_8_RNA,0.00186542549969155,Cytoplasm,Granularity
Cytoplasm_Texture_SumEntropy_DNA_5_03_256,0.00186499332360784,Cytoplasm,Texture
Nuclei_Texture_Contrast_Mito_10_00_256,0.001859263847956884,Nuclei,Texture
Nuclei_Texture_Contrast_AGP_3_00_256,0.0018555964943620243,Nuclei,Texture
Nuclei_Correlation_K_RNA_DNA,0.001854387424136803,Nuclei,Correlation
Nuclei_Granularity_12_AGP,0.001854247920238257,Nuclei,Granularity
Cells_RadialDistribution_MeanFrac_mito_tubeness_3of20,0.0018542106368892876,Cells,RadialDistribution
Cells_Intensity_MinIntensity_RNA,0.0018537759680475575,Cells,Intensity
Cytoplasm_Texture_Correlation_Mito_5_03_256,0.0018529709876747803,Cytoplasm,Texture
Cytoplasm_Texture_SumVariance_DNA_5_01_256,0.0018484756100185353,Cytoplasm,Texture
Cells_Granularity_15_Mito,0.0018471928770304657,Cells,Granularity
Nuclei_AreaShape_Zernike_4_0,0.0018462158237941497,Nuclei,AreaShape
Cells_RadialDistribution_MeanFrac_mito_tubeness_2of20,0.0018455387842862235,Cells,RadialDistribution
Cells_AreaShape_Zernike_9_7,0.001843613051392562,Cells,AreaShape
Cells_Texture_InfoMeas1_ER_10_00_256,0.0018431708423096488,Cells,Texture
Cytoplasm_Granularity_15_DNA,0.001842404055211903,Cytoplasm,Granularity
Cytoplasm_RadialDistribution_FracAtD_ER_1of4,0.001835663027751642,Cytoplasm,RadialDistribution
Nuclei_Texture_SumAverage_ER_5_02_256,0.0018337928122985302,Nuclei,Texture
Nuclei_Texture_Correlation_DNA_5_02_256,0.0018333355064221125,Nuclei,Texture
Nuclei_Texture_SumVariance_AGP_3_00_256,0.0018333174096863201,Nuclei,Texture
Nuclei_RadialDistribution_MeanFrac_ER_2of4,0.001833128026295786,Nuclei,RadialDistribution
Nuclei_Texture_SumVariance_AGP_10_01_256,0.0018318769362459925,Nuclei,Texture
Cells_RadialDistribution_RadialCV_mito_tubeness_14of16,0.0018307392282544501,Cells,RadialDistribution
Nuclei_Texture_Entropy_DNA_3_00_256,0.0018296656048161302,Nuclei,Texture
Cytoplasm_Granularity_14_AGP,0.001828207087190614,Cytoplasm,Granularity
Nuclei_Texture_Entropy_DNA_5_01_256,0.0018275918979478384,Nuclei,Texture
Cells_RadialDistribution_FracAtD_mito_tubeness_10of16,0.0018263761839937486,Cells,RadialDistribution
Nuclei_Texture_Contrast_AGP_5_02_256,0.0018247671878842604,Nuclei,Texture
Nuclei_Texture_SumAverage_ER_3_00_256,0.0018204844331350094,Nuclei,Texture
Cells_RadialDistribution_RadialCV_mito_tubeness_6of16,0.0018186011621920833,Cells,RadialDistribution
Cells_Texture_Variance_DNA_10_00_256,0.001817790716553905,Cells,Texture
Cells_Texture_InfoMeas1_ER_10_02_256,0.0018153121703497683,Cells,Texture
Cells_Correlation_K_AGP_ER,0.0018132363357809872,Cells,Correlation
Nuclei_Granularity_8_ER,0.001812329910390734,Nuclei,Granularity
Nuclei_Intensity_UpperQuartileIntensity_ER,0.0018111576728188084,Nuclei,Intensity
Cytoplasm_AreaShape_Zernike_5_1,0.0018083133281262625,Cytoplasm,AreaShape
Cytoplasm_Intensity_MeanIntensityEdge_ER,0.0018038774536125856,Cytoplasm,Intensity
Cytoplasm_Granularity_5_AGP,0.0018027849591323631,Cytoplasm,Granularity
Cytoplasm_Texture_Correlation_ER_10_03_256,0.001800011652932361,Cytoplasm,Texture
Nuclei_Texture_Entropy_ER_3_02_256,0.0017984174087535263,Nuclei,Texture
Cells_RadialDistribution_MeanFrac_RNA_3of4,0.0017974477132208578,Cells,RadialDistribution
Cytoplasm_Texture_SumEntropy_DNA_3_02_256,0.0017956728260677274,Cytoplasm,Texture
Cytoplasm_Texture_InfoMeas2_AGP_3_00_256,0.001794921766850166,Cytoplasm,Texture
Cytoplasm_Texture_InfoMeas1_RNA_3_01_256,0.0017945303200290904,Cytoplasm,Texture
Cytoplasm_Texture_SumAverage_ER_3_01_256,0.001791123536805474,Cytoplasm,Texture
Nuclei_Texture_InverseDifferenceMoment_ER_3_03_256,0.0017897452226991715,Nuclei,Texture
Cells_RadialDistribution_RadialCV_ER_1of4,0.0017889900634924874,Cells,RadialDistribution
Cytoplasm_Texture_Contrast_DNA_5_02_256,0.0017863330402516503,Cytoplasm,Texture
Nuclei_Texture_SumVariance_AGP_5_01_256,0.0017861592792905868,Nuclei,Texture
Cytoplasm_AreaShape_Zernike_9_7,0.0017851494433333366,Cytoplasm,AreaShape
Cells_Texture_Correlation_DNA_5_01_256,0.0017848154232446437,Cells,Texture
Cytoplasm_Texture_InfoMeas1_RNA_5_02_256,0.0017839823172253742,Cytoplasm,Texture
Nuclei_Texture_SumAverage_ER_10_03_256,0.0017826097713883168,Nuclei,Texture
Nuclei_Texture_Variance_AGP_5_02_256,0.0017817021895254065,Nuclei,Texture
Cytoplasm_Texture_DifferenceEntropy_DNA_3_03_256,0.0017784870635893769,Cytoplasm,Texture
Cells_Granularity_13_DNA,0.0017740624692448494,Cells,Granularity
Nuclei_Texture_SumAverage_ER_10_00_256,0.0017726741160315994,Nuclei,Texture
Cells_Texture_InfoMeas1_RNA_5_01_256,0.0017701499164572202,Cells,Texture
Cells_Correlation_Correlation_AGP_DNA,0.0017701322214088578,Cells,Correlation
Cytoplasm_Texture_SumAverage_ER_5_00_256,0.0017693393696533478,Cytoplasm,Texture
Nuclei_Texture_InfoMeas2_ER_3_00_256,0.0017689721431400228,Nuclei,Texture
Cytoplasm_Texture_Contrast_ER_10_02_256,0.0017686019384252306,Cytoplasm,Texture
Cytoplasm_RadialDistribution_FracAtD_RNA_1of4,0.0017656850996302508,Cytoplasm,RadialDistribution
Cells_Neighbors_NumberOfNeighbors_Adjacent,0.0017656373009127231,Cells,Neighbors
Cells_Granularity_1_ER,0.001763990037169216,Cells,Granularity
Cytoplasm_AreaShape_Zernike_0_0,0.0017627473417918995,Cytoplasm,AreaShape
Cytoplasm_Texture_InfoMeas1_AGP_3_02_256,0.001762172116946853,Cytoplasm,Texture
Cells_Intensity_UpperQuartileIntensity_ER,0.0017619571578792862,Cells,Intensity
Nuclei_Texture_Entropy_ER_5_00_256,0.001760471889078222,Nuclei,Texture
Nuclei_Texture_SumVariance_AGP_5_00_256,0.001760096712784746,Nuclei,Texture
Cells_Granularity_16_RNA,0.0017593582439647953,Cells,Granularity
Cytoplasm_Granularity_12_ER,0.0017585223205891713,Cytoplasm,Granularity
Cells_RadialDistribution_FracAtD_RNA_1of4,0.0017581102973885467,Cells,RadialDistribution
Nuclei_Texture_InfoMeas1_ER_3_02_256,0.0017579002347650073,Nuclei,Texture
Cells_RadialDistribution_FracAtD_mito_tubeness_3of16,0.0017546444198394185,Cells,RadialDistribution
Nuclei_Texture_InfoMeas2_AGP_5_02_256,0.001754463593154339,Nuclei,Texture
Cells_Intensity_StdIntensity_ER,0.0017527079001800822,Cells,Intensity
Cells_Texture_Correlation_ER_10_03_256,0.0017524319146514245,Cells,Texture
Cytoplasm_Texture_InfoMeas1_RNA_3_02_256,0.0017479384050134935,Cytoplasm,Texture
Cytoplasm_Texture_InfoMeas1_DNA_5_02_256,0.001745488432352431,Cytoplasm,Texture
Nuclei_Texture_Entropy_ER_3_01_256,0.00174287534108901,Nuclei,Texture
Cytoplasm_Granularity_9_RNA,0.0017423755472620022,Cytoplasm,Granularity
Nuclei_Intensity_MeanIntensity_ER,0.0017408716292883193,Nuclei,Intensity
Cells_Granularity_8_AGP,0.0017406992744768753,Cells,Granularity
Cells_AreaShape_Zernike_8_2,0.001738523089879891,Cells,AreaShape
Cytoplasm_Correlation_K_ER_RNA,0.0017367415141104304,Cytoplasm,Correlation
Nuclei_Granularity_6_ER,0.0017366807059806888,Nuclei,Granularity
Cytoplasm_AreaShape_Zernike_6_4,0.0017364026593609846,Cytoplasm,AreaShape
Cells_RadialDistribution_FracAtD_mito_tubeness_10of20,0.0017353505357693524,Cells,RadialDistribution
Cytoplasm_Texture_SumAverage_ER_10_01_256,0.0017345419739208572,Cytoplasm,Texture
Cells_Texture_SumEntropy_AGP_5_03_256,0.001732806623237723,Cells,Texture
Cytoplasm_Texture_SumVariance_DNA_3_01_256,0.0017316318925447505,Cytoplasm,Texture
Nuclei_Texture_InverseDifferenceMoment_ER_5_03_256,0.0017316195404211093,Nuclei,Texture
Cytoplasm_Correlation_K_ER_AGP,0.0017269255387665388,Cytoplasm,Correlation
Nuclei_Texture_Correlation_Mito_10_02_256,0.0017263214618963372,Nuclei,Texture
Cytoplasm_Texture_SumAverage_ER_10_00_256,0.0017235534043304921,Cytoplasm,Texture
Nuclei_Intensity_StdIntensity_DNA,0.0017222433637951846,Nuclei,Intensity
Cytoplasm_Texture_Variance_DNA_3_01_256,0.0017167034629736529,Cytoplasm,Texture
Nuclei_Texture_Variance_AGP_3_02_256,0.0017166935612632577,Nuclei,Texture
Cytoplasm_Texture_SumAverage_ER_3_02_256,0.001715892470804517,Cytoplasm,Texture
Nuclei_Texture_SumAverage_ER_10_02_256,0.0017143715205695895,Nuclei,Texture
Cytoplasm_Granularity_12_RNA,0.0017142131897396342,Cytoplasm,Granularity
Cytoplasm_Granularity_10_Mito,0.0017137032966898654,Cytoplasm,Granularity
Nuclei_Granularity_1_ER,0.0017126070092074639,Nuclei,Granularity
Cytoplasm_Texture_InfoMeas1_Mito_3_03_256,0.0017114915261793482,Cytoplasm,Texture
Cytoplasm_Texture_SumAverage_ER_10_02_256,0.0017104972089386397,Cytoplasm,Texture
Cytoplasm_Texture_Contrast_ER_5_01_256,0.0017076428895045734,Cytoplasm,Texture
Cells_Intensity_MeanIntensity_AGP,0.0017072620676585107,Cells,Intensity
Cytoplasm_Texture_Variance_DNA_3_02_256,0.0017058714704087053,Cytoplasm,Texture
Cells_Texture_InfoMeas1_RNA_3_03_256,0.0017038549896395644,Cells,Texture
Cells_RadialDistribution_FracAtD_mito_tubeness_14of16,0.0017026321764777614,Cells,RadialDistribution
Nuclei_Texture_SumAverage_ER_10_01_256,0.0017019107038556416,Nuclei,Texture
Nuclei_AreaShape_Zernike_1_1,0.001701906125703577,Nuclei,AreaShape
Cytoplasm_Granularity_14_RNA,0.001701816845826605,Cytoplasm,Granularity
Cells_Granularity_14_RNA,0.0016989570262116364,Cells,Granularity
Cytoplasm_Correlation_K_AGP_RNA,0.001698371199450516,Cytoplasm,Correlation
Nuclei_Granularity_9_Mito,0.0016979831979239992,Nuclei,Granularity
Nuclei_Texture_Contrast_AGP_3_01_256,0.001695997649679027,Nuclei,Texture
Cells_Texture_InfoMeas1_DNA_10_03_256,0.0016950961296060996,Cells,Texture
Cytoplasm_Texture_SumAverage_ER_3_00_256,0.00169493681662321,Cytoplasm,Texture
Nuclei_Texture_SumVariance_AGP_10_03_256,0.001694708708876403,Nuclei,Texture
Cytoplasm_Texture_InverseDifferenceMoment_ER_10_03_256,0.0016934077614405396,Cytoplasm,Texture
Cells_Granularity_14_DNA,0.0016928775162159582,Cells,Granularity
Nuclei_Granularity_5_ER,0.0016893897210034732,Nuclei,Granularity
Nuclei_Intensity_MaxIntensity_AGP,0.0016876011734192227,Nuclei,Intensity
Cytoplasm_Granularity_15_Mito,0.001687221694384269,Cytoplasm,Granularity
Cytoplasm_Texture_Contrast_ER_5_02_256,0.001686791923535306,Cytoplasm,Texture
Nuclei_Correlation_RWC_AGP_DNA,0.0016862877482500542,Nuclei,Correlation
Cells_Granularity_6_ER,0.0016835486821271063,Cells,Granularity
Cytoplasm_Texture_SumAverage_ER_10_03_256,0.0016827261633443414,Cytoplasm,Texture
Cytoplasm_Texture_DifferenceEntropy_DNA_3_00_256,0.0016823425052124158,Cytoplasm,Texture
Cells_Granularity_2_Mito,0.0016809201443278912,Cells,Granularity
Cells_Intensity_MeanIntensity_ER,0.0016781172143652968,Cells,Intensity
Nuclei_Texture_Entropy_ER_5_03_256,0.0016738848026579944,Nuclei,Texture
Cells_Texture_SumEntropy_AGP_3_03_256,0.0016704057431031418,Cells,Texture
Cells_RadialDistribution_MeanFrac_mito_tubeness_10of20,0.0016702766377316687,Cells,RadialDistribution
Cells_RadialDistribution_RadialCV_ER_4of4,0.0016697852438976822,Cells,RadialDistribution
Cells_RadialDistribution_FracAtD_ER_4of4,0.0016693354227053142,Cells,RadialDistribution
Cells_Granularity_12_DNA,0.0016690982717019714,Cells,Granularity
Cells_Texture_SumAverage_ER_3_02_256,0.0016670760184258272,Cells,Texture
Cytoplasm_RadialDistribution_MeanFrac_mito_tubeness_12of20,0.0016669575040421998,Cytoplasm,RadialDistribution
Nuclei_Granularity_5_AGP,0.001666766264549681,Nuclei,Granularity
Cells_RadialDistribution_RadialCV_ER_3of4,0.0016656696716381703,Cells,RadialDistribution
Cells_Correlation_RWC_DNA_Mito,0.0016647593765083003,Cells,Correlation
Cytoplasm_Correlation_K_ER_DNA,0.0016638081432574837,Cytoplasm,Correlation
Cytoplasm_Granularity_4_ER,0.0016637256381052015,Cytoplasm,Granularity
Nuclei_Texture_Entropy_ER_5_02_256,0.0016623852033600477,Nuclei,Texture
Cells_Correlation_K_RNA_DNA,0.0016616377501694453,Cells,Correlation
Nuclei_Texture_InfoMeas2_AGP_3_01_256,0.0016601314696630912,Nuclei,Texture
Nuclei_Texture_Variance_AGP_10_00_256,0.0016597682963207002,Nuclei,Texture
Cytoplasm_Texture_SumAverage_ER_5_01_256,0.001658920227798392,Cytoplasm,Texture
Cells_Texture_Correlation_DNA_10_03_256,0.0016588236721594284,Cells,Texture
Nuclei_RadialDistribution_MeanFrac_Mito_2of4,0.0016582489362294186,Nuclei,RadialDistribution
Cytoplasm_Texture_InfoMeas1_DNA_5_03_256,0.0016561876606920123,Cytoplasm,Texture
Nuclei_Correlation_K_RNA_AGP,0.0016545998562859105,Nuclei,Correlation
Cells_RadialDistribution_FracAtD_mito_tubeness_15of16,0.0016539544787208017,Cells,RadialDistribution
Cytoplasm_Correlation_RWC_ER_DNA,0.0016532381946011095,Cytoplasm,Correlation
Cells_Texture_InfoMeas1_DNA_3_03_256,0.001651560825726587,Cells,Texture
Nuclei_Texture_Entropy_ER_5_01_256,0.001649868448678587,Nuclei,Texture
Cells_RadialDistribution_RadialCV_mito_tubeness_8of20,0.0016494915143890206,Cells,RadialDistribution
Cells_Texture_Variance_DNA_5_02_256,0.0016480405861511826,Cells,Texture
Cells_Texture_SumVariance_DNA_3_02_256,0.0016476506108765371,Cells,Texture
Cytoplasm_Intensity_MedianIntensity_AGP,0.0016460882322306652,Cytoplasm,Intensity
Nuclei_Texture_Entropy_ER_3_00_256,0.001644980959447691,Nuclei,Texture
Nuclei_Texture_InverseDifferenceMoment_ER_5_02_256,0.0016448772242334338,Nuclei,Texture
Cells_RadialDistribution_MeanFrac_AGP_3of4,0.001643387052707632,Cells,RadialDistribution
Cells_Texture_InfoMeas1_DNA_10_00_256,0.0016425865047611816,Cells,Texture
Cells_RadialDistribution_MeanFrac_AGP_4of4,0.0016398188500118393,Cells,RadialDistribution
Cells_Correlation_K_ER_AGP,0.0016384375435154652,Cells,Correlation
Cytoplasm_Texture_AngularSecondMoment_Mito_10_03_256,0.001637950072662144,Cytoplasm,Texture
Nuclei_Texture_SumVariance_AGP_10_02_256,0.0016374963765935847,Nuclei,Texture
Cells_Granularity_9_DNA,0.0016355951470788048,Cells,Granularity
Nuclei_Intensity_MeanIntensityEdge_DNA,0.001635534467953091,Nuclei,Intensity
Cytoplasm_Texture_SumAverage_ER_5_02_256,0.0016345590782761324,Cytoplasm,Texture
Cells_Texture_InfoMeas2_DNA_10_01_256,0.0016325644870604655,Cells,Texture
Nuclei_Texture_Entropy_ER_10_03_256,0.0016315894660822647,Nuclei,Texture
Cells_Texture_Variance_DNA_3_03_256,0.001630009060214174,Cells,Texture
Cells_Texture_SumEntropy_AGP_3_02_256,0.0016285975550532125,Cells,Texture
Cells_RadialDistribution_MeanFrac_ER_3of4,0.001628465260502188,Cells,RadialDistribution
Cytoplasm_RadialDistribution_RadialCV_mito_tubeness_19of20,0.001623632979712316,Cytoplasm,RadialDistribution
Cells_Texture_DifferenceVariance_Mito_3_03_256,0.0016220992378813597,Cells,Texture
Nuclei_Intensity_MinIntensity_DNA,0.0016219859530350992,Nuclei,Intensity
Cells_RadialDistribution_RadialCV_mito_tubeness_12of20,0.0016208580072218735,Cells,RadialDistribution
Nuclei_Correlation_K_AGP_DNA,0.0016207748240101084,Nuclei,Correlation
Cells_Texture_Variance_DNA_3_00_256,0.001619369449077307,Cells,Texture
Nuclei_Granularity_11_Mito,0.0016182630012917798,Nuclei,Granularity
Cytoplasm_Texture_Entropy_DNA_5_02_256,0.0016179389115651636,Cytoplasm,Texture
Cytoplasm_Texture_InfoMeas1_RNA_3_03_256,0.0016172921269597801,Cytoplasm,Texture
Nuclei_Texture_SumVariance_AGP_3_03_256,0.00161723533836526,Nuclei,Texture
Nuclei_Location_MaxIntensity_X_ER,0.0016150052274315385,Nuclei,Location
Cytoplasm_RadialDistribution_RadialCV_mito_tubeness_11of16,0.001614776740758056,Cytoplasm,RadialDistribution
Nuclei_Texture_InverseDifferenceMoment_ER_5_00_256,0.00161423915504981,Nuclei,Texture
Cytoplasm_Granularity_8_AGP,0.0016140020159920304,Cytoplasm,Granularity
Cells_Granularity_3_RNA,0.0016123830870466399,Cells,Granularity
Cytoplasm_AreaShape_Zernike_6_0,0.0016116900596119064,Cytoplasm,AreaShape
Cells_Texture_InfoMeas2_ER_5_02_256,0.0016116712620896578,Cells,Texture
Nuclei_Texture_Contrast_AGP_3_02_256,0.0016113643956149255,Nuclei,Texture
Cells_RadialDistribution_FracAtD_DNA_3of4,0.001610957074902087,Cells,RadialDistribution
Nuclei_Granularity_14_RNA,0.0016097356052757407,Nuclei,Granularity
Nuclei_Intensity_LowerQuartileIntensity_ER,0.0016091505267055643,Nuclei,Intensity
Cells_Texture_InfoMeas1_DNA_5_01_256,0.0016081271958371091,Cells,Texture
Cells_Granularity_7_AGP,0.0016060340978687497,Cells,Granularity
Cells_Texture_SumEntropy_AGP_10_02_256,0.0016051168449303078,Cells,Texture
Nuclei_ObjectSkeleton_NumberTrunks_mito_skel,0.0016047732330741837,Nuclei,ObjectSkeleton
Cells_RadialDistribution_FracAtD_mito_tubeness_5of20,0.0015994067743823896,Cells,RadialDistribution
Cells_Texture_SumAverage_ER_5_00_256,0.0015991493970019682,Cells,Texture
Cytoplasm_Texture_Correlation_Mito_10_00_256,0.0015988525444949379,Cytoplasm,Texture
Cytoplasm_Texture_InfoMeas2_ER_10_01_256,0.001598006477339108,Cytoplasm,Texture
Cells_Texture_InfoMeas1_AGP_5_02_256,0.001597806145717706,Cells,Texture
Cells_Texture_InfoMeas2_DNA_10_00_256,0.001596139780667727,Cells,Texture
Cytoplasm_Texture_SumEntropy_DNA_5_01_256,0.0015958610443132263,Cytoplasm,Texture
Cytoplasm_Intensity_MADIntensity_Mito,0.0015944005260722146,Cytoplasm,Intensity
Cytoplasm_Correlation_K_DNA_ER,0.0015943683163641253,Cytoplasm,Correlation
Cytoplasm_Texture_InfoMeas1_DNA_3_03_256,0.0015923461738046691,Cytoplasm,Texture
Cytoplasm_Correlation_RWC_Mito_DNA,0.0015921543534575123,Cytoplasm,Correlation
Cells_Texture_Variance_DNA_5_00_256,0.0015904546485502838,Cells,Texture
Cells_Texture_Contrast_DNA_10_01_256,0.001589827107578198,Cells,Texture
Cytoplasm_Intensity_MassDisplacement_DNA,0.001589232255747837,Cytoplasm,Intensity
Cells_RadialDistribution_MeanFrac_mito_tubeness_6of16,0.0015876953486544413,Cells,RadialDistribution
Cytoplasm_Texture_Correlation_Mito_3_02_256,0.0015874613993426985,Cytoplasm,Texture
Cells_Intensity_LowerQuartileIntensity_DNA,0.0015864294980691186,Cells,Intensity
Cytoplasm_Texture_SumEntropy_AGP_5_00_256,0.0015857534658422472,Cytoplasm,Texture
Cytoplasm_Texture_Contrast_DNA_3_02_256,0.0015845492468880755,Cytoplasm,Texture
Cells_Texture_InfoMeas1_DNA_3_01_256,0.0015829636972089897,Cells,Texture
Nuclei_Texture_Variance_AGP_3_00_256,0.0015821093409899081,Nuclei,Texture
Nuclei_Correlation_RWC_AGP_Mito,0.0015816796066688507,Nuclei,Correlation
Cytoplasm_Texture_SumAverage_AGP_10_03_256,0.001579996006642302,Cytoplasm,Texture
Cytoplasm_Texture_AngularSecondMoment_Mito_10_01_256,0.001576904743173405,Cytoplasm,Texture
Cells_Texture_Correlation_Mito_10_01_256,0.0015762740091668094,Cells,Texture
Nuclei_Texture_SumEntropy_ER_3_02_256,0.0015757005984076906,Nuclei,Texture
Cytoplasm_Intensity_UpperQuartileIntensity_AGP,0.0015753067894651654,Cytoplasm,Intensity
Nuclei_Texture_Variance_AGP_5_00_256,0.001574746037346943,Nuclei,Texture
Cytoplasm_Texture_DifferenceEntropy_DNA_5_01_256,0.001573877702394384,Cytoplasm,Texture
Cytoplasm_Texture_DifferenceEntropy_DNA_3_02_256,0.0015729062214294182,Cytoplasm,Texture
Cytoplasm_Correlation_RWC_AGP_ER,0.0015723941101012835,Cytoplasm,Correlation
Nuclei_Texture_InfoMeas1_ER_5_03_256,0.0015723215653062133,Nuclei,Texture
Nuclei_AreaShape_Zernike_7_5,0.0015722363895266816,Nuclei,AreaShape
Cells_Texture_SumEntropy_AGP_10_00_256,0.001568991954061078,Cells,Texture
Cells_RadialDistribution_FracAtD_mito_tubeness_7of16,0.001568537702588141,Cells,RadialDistribution
Cells_Texture_SumAverage_ER_3_00_256,0.0015677364759325689,Cells,Texture
Cells_Texture_Variance_DNA_5_03_256,0.0015665602374506957,Cells,Texture
Cytoplasm_Intensity_MedianIntensity_RNA,0.0015664629914161716,Cytoplasm,Intensity
Nuclei_Location_CenterMassIntensity_X_AGP,0.0015647515378782373,Nuclei,Location
Cytoplasm_Texture_SumAverage_AGP_5_03_256,0.0015643601505290203,Cytoplasm,Texture
Cytoplasm_Texture_AngularSecondMoment_AGP_5_00_256,0.00156424117631624,Cytoplasm,Texture
Cytoplasm_Texture_SumVariance_DNA_3_02_256,0.001564088941879293,Cytoplasm,Texture
Cytoplasm_Texture_SumAverage_AGP_10_00_256,0.0015635713300831153,Cytoplasm,Texture
Nuclei_Granularity_15_DNA,0.001560174550442233,Nuclei,Granularity
Cytoplasm_Granularity_7_AGP,0.0015597148380038562,Cytoplasm,Granularity
Cells_Texture_SumEntropy_AGP_5_02_256,0.0015593813492887421,Cells,Texture
Cells_Texture_SumEntropy_AGP_10_03_256,0.0015588221089657445,Cells,Texture
Nuclei_Granularity_15_Mito,0.0015576096518166846,Nuclei,Granularity
Cytoplasm_RadialDistribution_RadialCV_DNA_4of4,0.0015575067334170204,Cytoplasm,RadialDistribution
Cells_Texture_Variance_DNA_3_01_256,0.0015567789497851793,Cells,Texture
Nuclei_RadialDistribution_RadialCV_ER_4of4,0.0015531398459799155,Nuclei,RadialDistribution
Cytoplasm_Texture_SumAverage_AGP_3_02_256,0.0015476925401611652,Cytoplasm,Texture
Nuclei_Texture_InverseDifferenceMoment_ER_10_01_256,0.0015476104971665855,Nuclei,Texture
Cytoplasm_Texture_AngularSecondMoment_AGP_3_01_256,0.0015444906019027778,Cytoplasm,Texture
Nuclei_Texture_Correlation_RNA_5_02_256,0.001544270938401756,Nuclei,Texture
Nuclei_Location_CenterMassIntensity_X_RNA,0.0015434480716274785,Nuclei,Location
Cells_Neighbors_NumberOfNeighbors_5,0.0015425270913224916,Cells,Neighbors
Cytoplasm_Intensity_LowerQuartileIntensity_RNA,0.0015407228705329803,Cytoplasm,Intensity
Nuclei_Correlation_RWC_ER_AGP,0.0015388471540375447,Nuclei,Correlation
Cells_Correlation_K_DNA_ER,0.0015367254699283097,Cells,Correlation
Cells_AreaShape_Center_X,0.0015356400042323263,Cells,AreaShape
Nuclei_Texture_InfoMeas2_ER_3_01_256,0.001534841908778617,Nuclei,Texture
Nuclei_Texture_Correlation_DNA_5_03_256,0.001533049314114448,Nuclei,Texture
Nuclei_AreaShape_Zernike_9_3,0.0015324625686324517,Nuclei,AreaShape
Nuclei_Texture_Correlation_AGP_3_00_256,0.0015319942316273226,Nuclei,Texture
Nuclei_Texture_SumEntropy_DNA_10_00_256,0.0015315284742947759,Nuclei,Texture
Nuclei_Granularity_1_AGP,0.0015300766502540292,Nuclei,Granularity
Cells_Texture_SumAverage_ER_3_03_256,0.0015291950577989155,Cells,Texture
Cells_Texture_SumAverage_ER_3_01_256,0.0015278716112724006,Cells,Texture
Cells_RadialDistribution_RadialCV_AGP_2of4,0.001527413542342921,Cells,RadialDistribution
Nuclei_Texture_Entropy_ER_10_02_256,0.0015273515408236044,Nuclei,Texture
Nuclei_Texture_Correlation_RNA_3_02_256,0.0015220581635678953,Nuclei,Texture
Cells_Granularity_15_DNA,0.0015208465403988417,Cells,Granularity
Cells_Correlation_Correlation_Mito_RNA,0.0015199861649224592,Cells,Correlation
Cells_Granularity_2_ER,0.0015183697998171347,Cells,Granularity
Cytoplasm_Texture_InfoMeas1_Mito_5_02_256,0.0015169554580721264,Cytoplasm,Texture
Nuclei_Texture_Correlation_Mito_10_00_256,0.0015122209201841282,Nuclei,Texture
Cells_Texture_DifferenceEntropy_Mito_10_03_256,0.0015093354705238329,Cells,Texture
Cytoplasm_RadialDistribution_FracAtD_AGP_3of4,0.0015084867302097597,Cytoplasm,RadialDistribution
Nuclei_Location_CenterMassIntensity_X_Mito,0.0015083959374117381,Nuclei,Location
Cells_Texture_SumVariance_DNA_3_01_256,0.0015069119067941626,Cells,Texture
Cells_Texture_SumVariance_DNA_5_02_256,0.0015068356731509473,Cells,Texture
Cells_Texture_DifferenceVariance_Mito_3_00_256,0.0015051949393819087,Cells,Texture
Cytoplasm_AreaShape_Eccentricity,0.0015044093276290887,Cytoplasm,AreaShape
Cells_RadialDistribution_RadialCV_DNA_3of4,0.0015041751436469244,Cells,RadialDistribution
Cells_Texture_Variance_DNA_3_02_256,0.0015024435272165907,Cells,Texture
Cytoplasm_Texture_SumAverage_AGP_5_02_256,0.0015019736767732995,Cytoplasm,Texture
Cells_RadialDistribution_FracAtD_RNA_2of4,0.001501696823984925,Cells,RadialDistribution
Nuclei_Texture_InfoMeas1_ER_5_00_256,0.0015007517258345615,Nuclei,Texture
Cytoplasm_Texture_SumAverage_AGP_3_03_256,0.0014999046793894065,Cytoplasm,Texture
Nuclei_Intensity_MedianIntensity_ER,0.0014985617045541794,Nuclei,Intensity
Cells_Texture_InfoMeas1_RNA_5_02_256,0.0014981469002434875,Cells,Texture
Nuclei_AreaShape_Center_X,0.001496794103285148,Nuclei,AreaShape
Nuclei_Texture_Entropy_ER_10_00_256,0.0014964698675631943,Nuclei,Texture
Nuclei_Granularity_2_DNA,0.0014956982515299648,Nuclei,Granularity
Cells_Texture_DifferenceVariance_Mito_5_00_256,0.001495633114539357,Cells,Texture
Cells_Texture_SumAverage_ER_5_02_256,0.0014953390001684445,Cells,Texture
Cells_Texture_SumEntropy_AGP_3_00_256,0.0014945572944478564,Cells,Texture
Cytoplasm_Texture_InfoMeas2_DNA_3_03_256,0.0014943103398562536,Cytoplasm,Texture
Nuclei_AreaShape_Zernike_7_7,0.001493978307867059,Nuclei,AreaShape
Cells_Texture_DifferenceVariance_Mito_5_03_256,0.0014926414379806375,Cells,Texture
Cells_Texture_Variance_DNA_5_01_256,0.0014919646302171583,Cells,Texture
Cytoplasm_AreaShape_Zernike_7_3,0.0014912236886448227,Cytoplasm,AreaShape
Cells_AreaShape_Zernike_9_5,0.0014875639023791466,Cells,AreaShape
Cells_RadialDistribution_MeanFrac_mito_tubeness_7of20,0.0014869886970856378,Cells,RadialDistribution
Cytoplasm_Texture_SumAverage_AGP_10_01_256,0.0014868162106358796,Cytoplasm,Texture
Cytoplasm_Texture_Correlation_Mito_3_00_256,0.0014867761690662258,Cytoplasm,Texture
Nuclei_Correlation_K_DNA_ER,0.0014840440000053994,Nuclei,Correlation
Cytoplasm_Texture_DifferenceEntropy_DNA_5_00_256,0.0014833091140176943,Cytoplasm,Texture
Cytoplasm_AreaShape_Center_X,0.001482399218719885,Cytoplasm,AreaShape
Cells_Intensity_StdIntensityEdge_DNA,0.0014821625119969082,Cells,Intensity
Cytoplasm_AreaShape_Zernike_8_4,0.0014816277441215269,Cytoplasm,AreaShape
Cytoplasm_Texture_InfoMeas2_DNA_5_03_256,0.0014808373909805336,Cytoplasm,Texture
Cytoplasm_RadialDistribution_FracAtD_AGP_1of4,0.00147770494794973,Cytoplasm,RadialDistribution
Cells_RadialDistribution_MeanFrac_ER_4of4,0.0014775596498969078,Cells,RadialDistribution
Cytoplasm_Granularity_13_ER,0.0014767895687795576,Cytoplasm,Granularity
Cytoplasm_Texture_SumAverage_AGP_3_00_256,0.0014766239991006712,Cytoplasm,Texture
Cells_Texture_SumAverage_ER_5_01_256,0.0014764678081597335,Cells,Texture
Nuclei_Location_MaxIntensity_X_AGP,0.0014757958570693777,Nuclei,Location
Nuclei_Texture_InfoMeas1_Mito_3_03_256,0.0014740966980207305,Nuclei,Texture
Nuclei_Granularity_9_DNA,0.0014728387254633291,Nuclei,Granularity
Cells_RadialDistribution_FracAtD_AGP_1of4,0.0014718293825184707,Cells,RadialDistribution
Nuclei_AreaShape_Zernike_6_2,0.0014708064141710304,Nuclei,AreaShape
Cells_Correlation_RWC_AGP_DNA,0.0014704662325571657,Cells,Correlation
Nuclei_Location_MaxIntensity_X_DNA,0.0014702610288804862,Nuclei,Location
Cytoplasm_Texture_Entropy_DNA_3_02_256,0.0014695978688333915,Cytoplasm,Texture
Nuclei_Location_MaxIntensity_X_RNA,0.0014673121294410001,Nuclei,Location
Cytoplasm_Texture_InfoMeas1_AGP_3_00_256,0.001464959850678237,Cytoplasm,Texture
Nuclei_Granularity_4_ER,0.0014637767583449853,Nuclei,Granularity
Cytoplasm_Texture_SumAverage_AGP_5_00_256,0.0014636276823343257,Cytoplasm,Texture
Nuclei_Texture_InverseDifferenceMoment_DNA_10_02_256,0.0014628296409474777,Nuclei,Texture
Cytoplasm_Texture_SumEntropy_AGP_3_00_256,0.0014619732133204317,Cytoplasm,Texture
Cells_Texture_Correlation_DNA_5_03_256,0.0014618919104967582,Cells,Texture
Cells_RadialDistribution_RadialCV_RNA_1of4,0.001461654731436803,Cells,RadialDistribution
Cells_Intensity_MaxIntensity_AGP,0.001461271636436712,Cells,Intensity
Cytoplasm_Texture_Contrast_ER_10_01_256,0.0014595328609889942,Cytoplasm,Texture
Nuclei_Texture_SumVariance_AGP_10_00_256,0.0014580027644582774,Nuclei,Texture
Cells_AreaShape_Zernike_3_3,0.001455852993201136,Cells,AreaShape
Cytoplasm_Texture_AngularSecondMoment_AGP_3_00_256,0.001455716106563289,Cytoplasm,Texture
Nuclei_Texture_DifferenceEntropy_DNA_10_00_256,0.0014556239112887071,Nuclei,Texture
Cells_Texture_DifferenceEntropy_Mito_10_02_256,0.0014551839895596329,Cells,Texture
Cytoplasm_Texture_InfoMeas2_DNA_5_01_256,0.001454710943415713,Cytoplasm,Texture
Nuclei_Texture_SumVariance_AGP_5_03_256,0.0014545183286411754,Nuclei,Texture
Cytoplasm_Texture_Correlation_AGP_5_02_256,0.0014543298352405795,Cytoplasm,Texture
Nuclei_Location_Center_X,0.0014540523792519317,Nuclei,Location
Nuclei_Intensity_MassDisplacement_RNA,0.0014539648571579684,Nuclei,Intensity
Cells_Texture_DifferenceVariance_Mito_5_02_256,0.0014526148141677758,Cells,Texture
Cytoplasm_RadialDistribution_RadialCV_RNA_4of4,0.0014524606554420774,Cytoplasm,RadialDistribution
Cells_Texture_SumVariance_DNA_10_00_256,0.0014523778368103583,Cells,Texture
Cells_Texture_DifferenceVariance_Mito_3_02_256,0.001452038229482631,Cells,Texture
Nuclei_Texture_InfoMeas1_ER_3_01_256,0.0014520082089165953,Nuclei,Texture
Nuclei_Location_CenterMassIntensity_X_DNA,0.0014514816222487882,Nuclei,Location
Cells_AreaShape_EquivalentDiameter,0.0014502746404676664,Cells,AreaShape
Cytoplasm_Texture_Correlation_RNA_10_03_256,0.0014500953715053454,Cytoplasm,Texture
Cytoplasm_RadialDistribution_RadialCV_mito_tubeness_14of20,0.0014492262805496077,Cytoplasm,RadialDistribution
Nuclei_Granularity_7_Mito,0.0014480066438058463,Nuclei,Granularity
Nuclei_Texture_InfoMeas1_ER_10_03_256,0.0014470316236111103,Nuclei,Texture
Cytoplasm_Texture_InfoMeas1_ER_5_03_256,0.0014460801055091517,Cytoplasm,Texture
Nuclei_Texture_InfoMeas1_Mito_5_02_256,0.0014454187070740382,Nuclei,Texture
Cytoplasm_Texture_SumVariance_DNA_5_03_256,0.0014398444692752881,Cytoplasm,Texture
Nuclei_Texture_Correlation_AGP_5_02_256,0.0014395617475383914,Nuclei,Texture
Cells_Granularity_13_RNA,0.0014376049435538465,Cells,Granularity
Cells_Granularity_9_RNA,0.0014337602825149327,Cells,Granularity
Nuclei_Texture_Variance_AGP_3_03_256,0.001433240460867507,Nuclei,Texture
Cytoplasm_Texture_Variance_ER_10_02_256,0.0014324189247015187,Cytoplasm,Texture
Nuclei_AreaShape_BoundingBoxMinimum_X,0.0014323139376067827,Nuclei,AreaShape
Cytoplasm_Texture_Contrast_DNA_5_00_256,0.001431783277969641,Cytoplasm,Texture
Cells_Texture_SumEntropy_AGP_5_01_256,0.0014315613576858207,Cells,Texture
Cytoplasm_RadialDistribution_MeanFrac_Mito_3of4,0.001430490163979162,Cytoplasm,RadialDistribution
Cells_Texture_SumVariance_DNA_3_00_256,0.0014302545082682627,Cells,Texture
Nuclei_Texture_Correlation_RNA_3_01_256,0.001428540292794683,Nuclei,Texture
Cells_RadialDistribution_RadialCV_mito_tubeness_4of16,0.001426152415593346,Cells,RadialDistribution
Cytoplasm_Texture_AngularSecondMoment_RNA_10_02_256,0.0014251472917281456,Cytoplasm,Texture
Nuclei_Location_CenterMassIntensity_X_ER,0.0014245421594335182,Nuclei,Location
Cells_Texture_SumAverage_ER_5_03_256,0.0014235365333817233,Cells,Texture
Cytoplasm_Granularity_16_ER,0.0014217592689445674,Cytoplasm,Granularity
Cytoplasm_Granularity_6_RNA,0.0014209781424142421,Cytoplasm,Granularity
Cytoplasm_Granularity_3_Mito,0.00141781366745168,Cytoplasm,Granularity
Cells_AreaShape_Zernike_3_1,0.0014175991453001708,Cells,AreaShape
Nuclei_Texture_InverseDifferenceMoment_ER_10_03_256,0.0014168249153934604,Nuclei,Texture
Cytoplasm_Texture_InfoMeas1_AGP_5_00_256,0.0014161541035667012,Cytoplasm,Texture
Cells_Texture_SumVariance_DNA_3_03_256,0.0014138639086013426,Cells,Texture
Cytoplasm_Texture_SumAverage_AGP_3_01_256,0.001413576430142192,Cytoplasm,Texture
Cytoplasm_RadialDistribution_RadialCV_ER_3of4,0.0014131848381111923,Cytoplasm,RadialDistribution
Nuclei_Texture_Variance_AGP_10_02_256,0.0014122468536697853,Nuclei,Texture
Nuclei_Texture_Correlation_RNA_10_01_256,0.0014110016343641162,Nuclei,Texture
Nuclei_Texture_Variance_AGP_5_01_256,0.0014101922843942052,Nuclei,Texture
Nuclei_Texture_AngularSecondMoment_DNA_10_02_256,0.0014095840164281982,Nuclei,Texture
Cells_Correlation_Correlation_ER_Mito,0.0014093294710723317,Cells,Correlation
Cytoplasm_RadialDistribution_FracAtD_Mito_2of4,0.0014092861351881376,Cytoplasm,RadialDistribution
Cytoplasm_Intensity_MaxIntensityEdge_ER,0.0014084975215311196,Cytoplasm,Intensity
Cells_Granularity_16_ER,0.0014081666374113411,Cells,Granularity
Nuclei_RadialDistribution_FracAtD_Mito_1of4,0.00140811309579606,Nuclei,RadialDistribution
Cells_RadialDistribution_RadialCV_mito_tubeness_7of20,0.00140800558356984,Cells,RadialDistribution
Cytoplasm_Granularity_4_Mito,0.0014067297467512878,Cytoplasm,Granularity
Cytoplasm_Texture_Contrast_ER_10_00_256,0.0014062970004202464,Cytoplasm,Texture
Cells_RadialDistribution_RadialCV_mito_tubeness_10of16,0.0014061238164919945,Cells,RadialDistribution
Cytoplasm_Granularity_12_DNA,0.0014051756762793438,Cytoplasm,Granularity
Cells_Texture_Correlation_AGP_10_01_256,0.001405023500722028,Cells,Texture
Cells_Texture_Correlation_ER_10_01_256,0.0014044587291625378,Cells,Texture
Cytoplasm_Texture_Entropy_DNA_5_01_256,0.001403915696552888,Cytoplasm,Texture
Cytoplasm_Texture_Correlation_RNA_3_02_256,0.0014021640395172393,Cytoplasm,Texture
Nuclei_Granularity_8_Mito,0.0014008671257137654,Nuclei,Granularity
Nuclei_Texture_InfoMeas1_Mito_3_01_256,0.0014001675100325883,Nuclei,Texture
Cells_Texture_DifferenceEntropy_Mito_10_01_256,0.001399546240791421,Cells,Texture
Nuclei_Texture_InfoMeas2_AGP_5_03_256,0.0013995284098876125,Nuclei,Texture
Nuclei_Intensity_MinIntensityEdge_RNA,0.0013991745434343882,Nuclei,Intensity
Nuclei_AreaShape_BoundingBoxMaximum_X,0.0013981149544789722,Nuclei,AreaShape
Nuclei_Texture_Contrast_RNA_3_00_256,0.0013969584539414168,Nuclei,Texture
Cytoplasm_Texture_InfoMeas2_DNA_5_02_256,0.0013965835323818154,Cytoplasm,Texture
Cytoplasm_Texture_DifferenceVariance_Mito_3_00_256,0.0013964483661506426,Cytoplasm,Texture
Cytoplasm_Texture_SumEntropy_AGP_3_03_256,0.001396101779973833,Cytoplasm,Texture
Nuclei_Intensity_StdIntensityEdge_ER,0.0013960204957714137,Nuclei,Intensity
Cytoplasm_Correlation_K_DNA_Mito,0.0013955815874370663,Cytoplasm,Correlation
Cytoplasm_Texture_InfoMeas1_RNA_5_01_256,0.0013947561013875592,Cytoplasm,Texture
Nuclei_Texture_Correlation_RNA_3_00_256,0.0013944069201105387,Nuclei,Texture
Cells_AreaShape_MinorAxisLength,0.001394187405647764,Cells,AreaShape
Cells_Texture_InfoMeas1_Mito_3_02_256,0.0013930420682767622,Cells,Texture
Nuclei_RadialDistribution_FracAtD_RNA_4of4,0.0013927405874606588,Nuclei,RadialDistribution
Nuclei_Texture_Correlation_RNA_5_00_256,0.0013914464183913619,Nuclei,Texture
Cytoplasm_Texture_SumAverage_AGP_10_02_256,0.0013910226336130498,Cytoplasm,Texture
Nuclei_Texture_InverseDifferenceMoment_ER_3_02_256,0.001390285475447724,Nuclei,Texture
Cytoplasm_Granularity_10_RNA,0.001389779859392937,Cytoplasm,Granularity
Nuclei_RadialDistribution_RadialCV_ER_3of4,0.0013895487383758466,Nuclei,RadialDistribution
Cytoplasm_Correlation_Overlap_DNA_Mito,0.0013884185034372162,Cytoplasm,Correlation
Cells_Texture_Variance_DNA_10_03_256,0.001387439919432966,Cells,Texture
Cells_Correlation_RWC_AGP_ER,0.001386283233888597,Cells,Correlation
Nuclei_Intensity_MeanIntensityEdge_ER,0.0013858538229500742,Nuclei,Intensity
Nuclei_Texture_SumEntropy_ER_3_03_256,0.0013854497479821606,Nuclei,Texture
Cells_Texture_InfoMeas2_AGP_10_00_256,0.0013840155251078354,Cells,Texture
Cytoplasm_Texture_InfoMeas1_Mito_5_00_256,0.0013838797056333922,Cytoplasm,Texture
Cells_Texture_SumEntropy_AGP_5_00_256,0.0013832563527232976,Cells,Texture
Cells_Granularity_9_Mito,0.0013819984004995994,Cells,Granularity
Cells_Texture_InfoMeas1_DNA_5_03_256,0.0013819078484604169,Cells,Texture
Cytoplasm_Correlation_K_Mito_AGP,0.0013809274441129154,Cytoplasm,Correlation
Cytoplasm_Texture_Variance_Mito_10_00_256,0.0013807966823269778,Cytoplasm,Texture
Cytoplasm_AreaShape_Zernike_4_4,0.0013800161180552095,Cytoplasm,AreaShape
Nuclei_Texture_SumEntropy_ER_3_00_256,0.0013798754784134612,Nuclei,Texture
Cells_Granularity_3_ER,0.0013779054469861356,Cells,Granularity
Cytoplasm_Texture_SumEntropy_AGP_5_03_256,0.0013760011157605081,Cytoplasm,Texture
Nuclei_AreaShape_Compactness,0.001375757264400558,Nuclei,AreaShape
Cytoplasm_Texture_Contrast_DNA_3_00_256,0.0013756673836074437,Cytoplasm,Texture
Cells_Texture_DifferenceVariance_Mito_10_01_256,0.0013751723612092195,Cells,Texture
Cells_RadialDistribution_MeanFrac_mito_tubeness_8of16,0.0013750834473363024,Cells,RadialDistribution
Cytoplasm_Texture_Correlation_AGP_3_02_256,0.0013750817578407546,Cytoplasm,Texture
Cytoplasm_Texture_AngularSecondMoment_RNA_5_01_256,0.0013737026484471114,Cytoplasm,Texture
Cells_Texture_InfoMeas2_ER_3_01_256,0.0013729071332740463,Cells,Texture
Nuclei_Intensity_IntegratedIntensityEdge_ER,0.001371681198389914,Nuclei,Intensity
Nuclei_Texture_InfoMeas1_AGP_5_00_256,0.0013716235195637898,Nuclei,Texture
Cells_Texture_InfoMeas1_AGP_10_03_256,0.0013683004433655047,Cells,Texture
Cytoplasm_Granularity_10_DNA,0.0013677372224109214,Cytoplasm,Granularity
Cytoplasm_RadialDistribution_FracAtD_Mito_4of4,0.0013662467797725445,Cytoplasm,RadialDistribution
Cytoplasm_Texture_Contrast_DNA_3_03_256,0.0013653372863648525,Cytoplasm,Texture
Cells_Granularity_12_AGP,0.0013650818684046888,Cells,Granularity
Cells_Granularity_3_Mito,0.0013648400540010438,Cells,Granularity
Cells_Granularity_16_AGP,0.0013636032750842528,Cells,Granularity
Cytoplasm_RadialDistribution_RadialCV_mito_tubeness_12of20,0.0013627124488058532,Cytoplasm,RadialDistribution
Cytoplasm_Texture_SumEntropy_AGP_10_01_256,0.0013610653345676837,Cytoplasm,Texture
Nuclei_Texture_Correlation_ER_3_03_256,0.0013605114173229334,Nuclei,Texture
Cytoplasm_Intensity_MedianIntensity_DNA,0.001360448037896406,Cytoplasm,Intensity
Nuclei_Texture_InfoMeas1_ER_5_02_256,0.001360194972021418,Nuclei,Texture
Cells_Texture_SumEntropy_AGP_10_01_256,0.0013600503648454572,Cells,Texture
Cytoplasm_Texture_AngularSecondMoment_RNA_5_03_256,0.0013591530668989956,Cytoplasm,Texture
Cells_Texture_Contrast_DNA_10_00_256,0.0013566238490706642,Cells,Texture
Cells_Granularity_8_Mito,0.0013565705249493475,Cells,Granularity
Cytoplasm_Granularity_2_DNA,0.0013555189703557907,Cytoplasm,Granularity
Nuclei_Texture_InfoMeas1_AGP_10_01_256,0.0013554731445557472,Nuclei,Texture
Cells_Intensity_MADIntensity_DNA,0.001355154725367486,Cells,Intensity
Nuclei_RadialDistribution_RadialCV_DNA_2of4,0.0013547316781374061,Nuclei,RadialDistribution
Nuclei_Texture_InverseDifferenceMoment_ER_3_00_256,0.0013530619647489012,Nuclei,Texture
Cytoplasm_Texture_DifferenceVariance_Mito_3_03_256,0.001352460172503405,Cytoplasm,Texture
Cytoplasm_Intensity_MeanIntensityEdge_RNA,0.00135245045591416,Cytoplasm,Intensity
Nuclei_Texture_Contrast_AGP_10_02_256,0.0013504732106278945,Nuclei,Texture
Cells_Texture_Variance_DNA_10_02_256,0.0013500743758621475,Cells,Texture
Cytoplasm_RadialDistribution_FracAtD_DNA_2of4,0.0013499589072931224,Cytoplasm,RadialDistribution
Nuclei_Correlation_RWC_ER_Mito,0.0013482519713163908,Nuclei,Correlation
Nuclei_ObjectSkeleton_NumberBranchEnds_mito_skel,0.0013480260234847005,Nuclei,ObjectSkeleton
Nuclei_Texture_InfoMeas2_AGP_10_02_256,0.0013473713990242687,Nuclei,Texture
Cells_Texture_DifferenceVariance_Mito_3_01_256,0.0013468307603625362,Cells,Texture
Cells_Granularity_15_ER,0.001346801612006467,Cells,Granularity
Cells_Granularity_4_Mito,0.0013462735765399105,Cells,Granularity
Nuclei_Intensity_IntegratedIntensity_ER,0.0013460645695645976,Nuclei,Intensity
Cytoplasm_Texture_SumEntropy_DNA_3_01_256,0.0013439223286877678,Cytoplasm,Texture
Cytoplasm_Texture_DifferenceVariance_Mito_10_03_256,0.0013426415648843562,Cytoplasm,Texture
Cells_Texture_SumEntropy_AGP_3_01_256,0.0013405211857519005,Cells,Texture
Nuclei_Texture_Contrast_AGP_5_01_256,0.0013404945956114846,Nuclei,Texture
Cells_AreaShape_MaximumRadius,0.001340034530304755,Cells,AreaShape
Cytoplasm_Texture_InverseDifferenceMoment_ER_10_02_256,0.0013388787124443168,Cytoplasm,Texture
Cytoplasm_Texture_SumEntropy_DNA_5_02_256,0.001338444388604135,Cytoplasm,Texture
Nuclei_Texture_InverseDifferenceMoment_ER_3_01_256,0.001338147896697462,Nuclei,Texture
Nuclei_Texture_Contrast_AGP_10_03_256,0.0013374796180843466,Nuclei,Texture
Cytoplasm_Texture_Entropy_DNA_3_00_256,0.00133708131285841,Cytoplasm,Texture
Cells_Intensity_IntegratedIntensityEdge_DNA,0.0013340187989531061,Cells,Intensity
Cells_Correlation_Correlation_DNA_RNA,0.0013319311808845668,Cells,Correlation
Cells_Texture_SumAverage_ER_10_00_256,0.00133176637764661,Cells,Texture
Cytoplasm_Texture_SumVariance_DNA_5_02_256,0.0013301405874101744,Cytoplasm,Texture
Cytoplasm_Granularity_6_ER,0.001330118128171307,Cytoplasm,Granularity
Nuclei_Granularity_2_AGP,0.0013291942050688834,Nuclei,Granularity
Cells_Texture_DifferenceVariance_Mito_10_03_256,0.0013291576808062797,Cells,Texture
Cytoplasm_Granularity_16_RNA,0.001326673507277779,Cytoplasm,Granularity
Cells_RadialDistribution_RadialCV_mito_tubeness_20of20,0.0013251460228535248,Cells,RadialDistribution
Nuclei_AreaShape_Zernike_9_5,0.0013240454716755526,Nuclei,AreaShape
Cells_RadialDistribution_MeanFrac_Mito_3of4,0.0013214214461504524,Cells,RadialDistribution
Cells_Texture_InfoMeas2_AGP_3_02_256,0.001320777390394921,Cells,Texture
Cytoplasm_Texture_Contrast_ER_5_03_256,0.00132067854203342,Cytoplasm,Texture
Nuclei_Granularity_3_DNA,0.0013193914196537142,Nuclei,Granularity
Nuclei_Texture_DifferenceEntropy_DNA_10_02_256,0.0013193170103113516,Nuclei,Texture
Cytoplasm_Correlation_RWC_AGP_DNA,0.0013192949819235114,Cytoplasm,Correlation
Nuclei_Texture_SumEntropy_AGP_3_01_256,0.0013188721052730605,Nuclei,Texture
Cytoplasm_AreaShape_MinorAxisLength,0.0013184011407013584,Cytoplasm,AreaShape
Nuclei_Texture_InfoMeas1_DNA_10_02_256,0.0013177545168127835,Nuclei,Texture
Cytoplasm_Granularity_8_Mito,0.0013153245818362587,Cytoplasm,Granularity
Cells_RadialDistribution_FracAtD_mito_tubeness_19of20,0.0013149284019839667,Cells,RadialDistribution
Nuclei_Texture_SumEntropy_ER_5_00_256,0.0013148638841114137,Nuclei,Texture
Cells_AreaShape_Area,0.0013147093343676326,Cells,AreaShape
Cells_Granularity_10_RNA,0.00131341976873955,Cells,Granularity
Cytoplasm_AreaShape_EquivalentDiameter,0.001312630880074721,Cytoplasm,AreaShape
Cytoplasm_Texture_SumEntropy_AGP_10_03_256,0.001312260708509062,Cytoplasm,Texture
Nuclei_Texture_SumEntropy_AGP_3_00_256,0.0013112667422417092,Nuclei,Texture
Cells_Texture_InfoMeas1_Mito_3_00_256,0.0013109917541961685,Cells,Texture
Cells_RadialDistribution_FracAtD_mito_tubeness_17of20,0.0013103270611983524,Cells,RadialDistribution
Cytoplasm_Texture_SumEntropy_AGP_5_01_256,0.001310115379362417,Cytoplasm,Texture
Cells_Texture_InfoMeas2_RNA_3_02_256,0.0013095916544245613,Cells,Texture
Cells_Texture_InfoMeas2_AGP_5_01_256,0.001309564820513255,Cells,Texture
Cytoplasm_Texture_SumAverage_AGP_5_01_256,0.0013082613237513994,Cytoplasm,Texture
Nuclei_Granularity_3_ER,0.0013077689899676313,Nuclei,Granularity
Cytoplasm_Texture_Entropy_ER_10_01_256,0.0013073218782509294,Cytoplasm,Texture
Cytoplasm_Intensity_UpperQuartileIntensity_RNA,0.0013060477215185529,Cytoplasm,Intensity
Cytoplasm_Texture_Correlation_AGP_5_01_256,0.0013059662312428244,Cytoplasm,Texture
Cytoplasm_Texture_SumEntropy_AGP_10_00_256,0.0013048129894013983,Cytoplasm,Texture
Nuclei_Texture_Correlation_Mito_5_01_256,0.0013024429348193476,Nuclei,Texture
Nuclei_Texture_SumEntropy_ER_10_03_256,0.0013020492919667958,Nuclei,Texture
Cytoplasm_AreaShape_Zernike_1_1,0.001301615354464697,Cytoplasm,AreaShape
Cytoplasm_Texture_DifferenceEntropy_ER_3_02_256,0.0013015996180807373,Cytoplasm,Texture
Cells_Granularity_5_Mito,0.0013011327919671852,Cells,Granularity
Cytoplasm_RadialDistribution_FracAtD_DNA_3of4,0.0012997051554715913,Cytoplasm,RadialDistribution
Cells_Granularity_13_ER,0.0012991477347765925,Cells,Granularity
Cytoplasm_RadialDistribution_RadialCV_AGP_2of4,0.0012986038800902732,Cytoplasm,RadialDistribution
Nuclei_Location_MaxIntensity_X_Mito,0.001297066480052698,Nuclei,Location
Nuclei_Texture_Contrast_RNA_5_00_256,0.0012948479971549075,Nuclei,Texture
Cytoplasm_Texture_AngularSecondMoment_AGP_5_03_256,0.0012937852488383733,Cytoplasm,Texture
Nuclei_Granularity_14_Mito,0.0012933239497903873,Nuclei,Granularity
Cytoplasm_Granularity_12_AGP,0.0012918947505525986,Cytoplasm,Granularity
Nuclei_Texture_InfoMeas1_Mito_3_02_256,0.0012915036339109065,Nuclei,Texture
Nuclei_Texture_SumEntropy_ER_5_02_256,0.0012911734055679907,Nuclei,Texture
Nuclei_Texture_Correlation_Mito_10_03_256,0.0012906460015282002,Nuclei,Texture
Nuclei_Texture_InfoMeas1_Mito_10_03_256,0.0012886984025343347,Nuclei,Texture
Nuclei_Texture_SumEntropy_ER_3_01_256,0.0012885105705377749,Nuclei,Texture
Nuclei_Granularity_16_AGP,0.0012884103046846057,Nuclei,Granularity
Cytoplasm_Texture_SumVariance_DNA_3_03_256,0.0012869267500770678,Cytoplasm,Texture
Cells_Texture_Correlation_RNA_10_03_256,0.0012835662910609764,Cells,Texture
Cytoplasm_Texture_Correlation_ER_5_03_256,0.001283387845942343,Cytoplasm,Texture
Cytoplasm_Texture_AngularSecondMoment_AGP_10_00_256,0.0012823890355571166,Cytoplasm,Texture
Nuclei_Granularity_4_AGP,0.0012820239317151,Nuclei,Granularity
Cells_Intensity_MedianIntensity_RNA,0.0012812375143195303,Cells,Intensity
Cells_Texture_SumAverage_ER_10_01_256,0.0012807911827985663,Cells,Texture
Cytoplasm_Granularity_16_AGP,0.0012807781058654655,Cytoplasm,Granularity
Nuclei_Texture_Correlation_RNA_3_03_256,0.0012805081984411768,Nuclei,Texture
Cytoplasm_Granularity_2_Mito,0.0012802959764303522,Cytoplasm,Granularity
Nuclei_Granularity_14_DNA,0.0012800162535079704,Nuclei,Granularity
Cells_Texture_Correlation_Mito_3_03_256,0.0012794074528117555,Cells,Texture
Cells_Texture_Correlation_Mito_10_03_256,0.001279285081202813,Cells,Texture
Cytoplasm_Texture_Entropy_DNA_3_01_256,0.0012790864074980032,Cytoplasm,Texture
Cytoplasm_Texture_InfoMeas1_RNA_5_03_256,0.0012789772811603532,Cytoplasm,Texture
Cells_Texture_SumAverage_ER_10_02_256,0.0012783322149542593,Cells,Texture
Cytoplasm_Texture_Entropy_ER_5_03_256,0.0012783135908700518,Cytoplasm,Texture
Cells_Texture_DifferenceEntropy_Mito_10_00_256,0.0012782044497829962,Cells,Texture
Cells_RadialDistribution_MeanFrac_RNA_2of4,0.0012781768696848823,Cells,RadialDistribution
Cytoplasm_Texture_AngularSecondMoment_AGP_5_01_256,0.0012771073033945868,Cytoplasm,Texture
Cytoplasm_Texture_DifferenceEntropy_DNA_3_01_256,0.0012767849892822726,Cytoplasm,Texture
Cytoplasm_Texture_InfoMeas2_ER_3_03_256,0.001275638254675349,Cytoplasm,Texture
Nuclei_Texture_Entropy_ER_10_01_256,0.0012751218151190967,Nuclei,Texture
Cytoplasm_Granularity_7_RNA,0.0012741817194910255,Cytoplasm,Granularity
Nuclei_Texture_Contrast_RNA_3_01_256,0.0012737608658530267,Nuclei,Texture
Cytoplasm_Texture_DifferenceVariance_Mito_3_02_256,0.0012733005975834593,Cytoplasm,Texture
Cells_Intensity_StdIntensity_DNA,0.0012731122695653799,Cells,Intensity
Nuclei_Texture_AngularSecondMoment_DNA_10_01_256,0.0012728971875861003,Nuclei,Texture
Cells_Texture_SumAverage_ER_10_03_256,0.0012722890354684427,Cells,Texture
Cells_Texture_Correlation_Mito_10_02_256,0.0012712540140734875,Cells,Texture
Cells_Texture_SumVariance_DNA_5_03_256,0.001270706095407986,Cells,Texture
Nuclei_Correlation_RWC_Mito_ER,0.001270433808562562,Nuclei,Correlation
Cytoplasm_RadialDistribution_MeanFrac_mito_tubeness_16of16,0.0012691511339393662,Cytoplasm,RadialDistribution
Cells_AreaShape_Zernike_4_0,0.001268161988391512,Cells,AreaShape
Cytoplasm_Granularity_9_Mito,0.0012654676947801947,Cytoplasm,Granularity
Cells_Texture_SumVariance_DNA_5_00_256,0.0012648755527100417,Cells,Texture
Cytoplasm_Texture_DifferenceVariance_Mito_10_00_256,0.0012643860597173833,Cytoplasm,Texture
Nuclei_Texture_Correlation_Mito_3_01_256,0.0012638336203755378,Nuclei,Texture
Cytoplasm_Texture_Entropy_ER_10_00_256,0.0012634248285186393,Cytoplasm,Texture
Cells_Correlation_RWC_Mito_DNA,0.0012627320343537056,Cells,Correlation
Cytoplasm_RadialDistribution_MeanFrac_ER_3of4,0.001261346077784375,Cytoplasm,RadialDistribution
Nuclei_Texture_SumEntropy_AGP_3_03_256,0.0012599075572714874,Nuclei,Texture
Cells_RadialDistribution_FracAtD_mito_tubeness_5of16,0.0012594013949170143,Cells,RadialDistribution
Nuclei_RadialDistribution_FracAtD_Mito_2of4,0.001258988910568795,Nuclei,RadialDistribution
Nuclei_RadialDistribution_MeanFrac_Mito_1of4,0.0012589442571447763,Nuclei,RadialDistribution
Nuclei_RadialDistribution_RadialCV_Mito_2of4,0.001258493843015458,Nuclei,RadialDistribution
Nuclei_Texture_AngularSecondMoment_DNA_10_00_256,0.0012583882391637806,Nuclei,Texture
Cells_RadialDistribution_RadialCV_RNA_3of4,0.0012571637240294615,Cells,RadialDistribution
Nuclei_Texture_Variance_AGP_3_01_256,0.001256495485816101,Nuclei,Texture
Cells_Correlation_RWC_AGP_Mito,0.0012561693812936678,Cells,Correlation
Cytoplasm_Texture_SumEntropy_DNA_3_03_256,0.001254820719675211,Cytoplasm,Texture
Nuclei_Granularity_3_RNA,0.0012547167546186496,Nuclei,Granularity
Cells_Intensity_LowerQuartileIntensity_AGP,0.0012535628358146564,Cells,Intensity
Cells_Correlation_Correlation_DNA_ER,0.001253381875004769,Cells,Correlation
Nuclei_RadialDistribution_FracAtD_Mito_4of4,0.0012525461890400688,Nuclei,RadialDistribution
Cells_Texture_Correlation_RNA_3_03_256,0.0012525404828353105,Cells,Texture
Cells_Intensity_LowerQuartileIntensity_RNA,0.0012515467560141197,Cells,Intensity
Cells_RadialDistribution_RadialCV_mito_tubeness_13of16,0.0012512799673926826,Cells,RadialDistribution
Cells_Texture_InfoMeas2_AGP_10_01_256,0.0012506766060431979,Cells,Texture
Cytoplasm_Correlation_K_RNA_ER,0.0012499065447887656,Cytoplasm,Correlation
Nuclei_Texture_Contrast_RNA_3_03_256,0.0012499022579738396,Nuclei,Texture
Cytoplasm_Texture_AngularSecondMoment_AGP_3_03_256,0.0012490891109700898,Cytoplasm,Texture
Cytoplasm_Texture_Correlation_AGP_10_01_256,0.001248107787250774,Cytoplasm,Texture
Cytoplasm_RadialDistribution_FracAtD_mito_tubeness_13of16,0.0012479252762776533,Cytoplasm,RadialDistribution
Cytoplasm_Texture_AngularSecondMoment_RNA_10_00_256,0.0012478980026123412,Cytoplasm,Texture
Cytoplasm_Texture_AngularSecondMoment_AGP_5_02_256,0.0012473781806050153,Cytoplasm,Texture
Cytoplasm_Texture_Correlation_ER_10_00_256,0.0012469855080520834,Cytoplasm,Texture
Nuclei_Granularity_15_ER,0.0012457015758030009,Nuclei,Granularity
Nuclei_Texture_SumEntropy_AGP_5_00_256,0.001245206861033239,Nuclei,Texture
Cells_RadialDistribution_FracAtD_DNA_2of4,0.0012449597188495837,Cells,RadialDistribution
Cytoplasm_RadialDistribution_FracAtD_Mito_3of4,0.0012428288325931395,Cytoplasm,RadialDistribution
Cells_Texture_Contrast_DNA_5_01_256,0.0012426372613585305,Cells,Texture
Cells_AreaShape_Zernike_1_1,0.0012424276756896038,Cells,AreaShape
Cells_Granularity_2_AGP,0.0012413567394001543,Cells,Granularity
Cells_Texture_InfoMeas1_RNA_10_00_256,0.001240597800060641,Cells,Texture
Cytoplasm_RadialDistribution_FracAtD_mito_tubeness_15of20,0.0012403466460662977,Cytoplasm,RadialDistribution
Nuclei_Texture_DifferenceVariance_Mito_5_03_256,0.001240046100595334,Nuclei,Texture
Cells_Texture_Contrast_ER_5_02_256,0.0012395096304901796,Cells,Texture
Nuclei_Correlation_Correlation_AGP_ER,0.0012392187587039415,Nuclei,Correlation
Cytoplasm_AreaShape_Zernike_3_1,0.0012357922213265989,Cytoplasm,AreaShape
Nuclei_Intensity_IntegratedIntensity_DNA,0.0012353694414793737,Nuclei,Intensity
Cytoplasm_RadialDistribution_FracAtD_mito_tubeness_12of16,0.001233430799724634,Cytoplasm,RadialDistribution
Nuclei_Texture_InfoMeas1_RNA_5_00_256,0.0012333458385611657,Nuclei,Texture
Nuclei_Granularity_1_DNA,0.0012330656216623277,Nuclei,Granularity
Nuclei_Texture_Correlation_ER_10_00_256,0.001231936226280855,Nuclei,Texture
Cytoplasm_AreaShape_Zernike_9_5,0.0012317746158865767,Cytoplasm,AreaShape
Cells_RadialDistribution_FracAtD_mito_tubeness_18of20,0.0012309145331268416,Cells,RadialDistribution
Nuclei_Texture_SumEntropy_AGP_3_02_256,0.0012294269928635718,Nuclei,Texture
Cells_Texture_DifferenceVariance_Mito_10_00_256,0.0012287753730821091,Cells,Texture
Cells_Granularity_11_Mito,0.0012287493342384031,Cells,Granularity
Cells_AreaShape_Zernike_6_2,0.0012243074220266489,Cells,AreaShape
Nuclei_Texture_Correlation_AGP_10_03_256,0.0012241769146508626,Nuclei,Texture
Nuclei_Granularity_13_RNA,0.0012226435599534723,Nuclei,Granularity
Nuclei_Granularity_15_AGP,0.0012221535979889658,Nuclei,Granularity
Nuclei_Granularity_12_DNA,0.0012219680254254074,Nuclei,Granularity
Cells_RadialDistribution_FracAtD_mito_tubeness_6of20,0.0012210411198611837,Cells,RadialDistribution
Cells_Texture_SumVariance_DNA_5_01_256,0.0012206318107772468,Cells,Texture
Cytoplasm_Texture_Variance_DNA_3_00_256,0.0012203086057810911,Cytoplasm,Texture
Cells_Texture_DifferenceVariance_Mito_10_02_256,0.0012202585424737273,Cells,Texture
Cells_Texture_DifferenceVariance_Mito_5_01_256,0.0012199661405949364,Cells,Texture
Nuclei_Texture_Correlation_AGP_10_02_256,0.0012195902587934272,Nuclei,Texture
Cytoplasm_Texture_SumEntropy_AGP_3_01_256,0.0012192376437763284,Cytoplasm,Texture
Nuclei_Granularity_7_ER,0.0012189620475822136,Nuclei,Granularity
Cytoplasm_Intensity_StdIntensityEdge_ER,0.0012186023514358826,Cytoplasm,Intensity
Cells_RadialDistribution_RadialCV_Mito_4of4,0.0012179644310526783,Cells,RadialDistribution
Cytoplasm_Texture_SumVariance_Mito_10_00_256,0.0012178562170759375,Cytoplasm,Texture
Nuclei_Texture_SumEntropy_Mito_3_02_256,0.001217554199307155,Nuclei,Texture
Nuclei_Texture_Variance_AGP_10_03_256,0.0012169916932154073,Nuclei,Texture
Cytoplasm_Texture_InfoMeas1_RNA_5_00_256,0.0012166721411345602,Cytoplasm,Texture
Nuclei_Intensity_MassDisplacement_ER,0.0012162041362457135,Nuclei,Intensity
Cytoplasm_Texture_Entropy_ER_10_02_256,0.0012158308229949658,Cytoplasm,Texture
Nuclei_Texture_DifferenceVariance_Mito_5_00_256,0.0012148265653429138,Nuclei,Texture
Cytoplasm_Texture_AngularSecondMoment_RNA_5_02_256,0.0012133461408146624,Cytoplasm,Texture
Cells_Correlation_K_AGP_RNA,0.001212940751876366,Cells,Correlation
Cells_Granularity_2_RNA,0.0012122193964439378,Cells,Granularity
Cytoplasm_RadialDistribution_MeanFrac_ER_1of4,0.001211886944152606,Cytoplasm,RadialDistribution
Cytoplasm_AreaShape_Area,0.0012109686261932697,Cytoplasm,AreaShape
Cells_Granularity_12_ER,0.0012107714436362066,Cells,Granularity
Cytoplasm_Granularity_11_Mito,0.0012081675707772124,Cytoplasm,Granularity
Nuclei_RadialDistribution_RadialCV_Mito_4of4,0.001207727907462218,Nuclei,RadialDistribution
Cytoplasm_Texture_InfoMeas1_RNA_10_00_256,0.0012068043917159749,Cytoplasm,Texture
Cells_RadialDistribution_FracAtD_ER_2of4,0.0012057871050170173,Cells,RadialDistribution
Cytoplasm_AreaShape_MedianRadius,0.0012054330303921494,Cytoplasm,AreaShape
Cytoplasm_Correlation_K_RNA_AGP,0.0012047191556653811,Cytoplasm,Correlation
Cytoplasm_Granularity_7_DNA,0.0012032553005909513,Cytoplasm,Granularity
Cytoplasm_Intensity_LowerQuartileIntensity_AGP,0.0012021645351238217,Cytoplasm,Intensity
Cells_Texture_SumVariance_DNA_10_03_256,0.0012015881659356508,Cells,Texture
Cytoplasm_RadialDistribution_MeanFrac_mito_tubeness_12of16,0.0012014531261021538,Cytoplasm,RadialDistribution
Cytoplasm_Texture_Variance_Mito_10_01_256,0.001199489006092855,Cytoplasm,Texture
Cells_RadialDistribution_RadialCV_mito_tubeness_6of20,0.0011994597793714742,Cells,RadialDistribution
Nuclei_Texture_InfoMeas1_Mito_3_00_256,0.0011978121155906203,Nuclei,Texture
Cells_Texture_Contrast_DNA_5_00_256,0.0011973296093960276,Cells,Texture
Nuclei_Texture_InverseDifferenceMoment_DNA_10_03_256,0.0011957835310126288,Nuclei,Texture
Cells_Texture_DifferenceEntropy_Mito_5_03_256,0.0011955065886598147,Cells,Texture
Nuclei_Texture_DifferenceVariance_Mito_10_00_256,0.0011943945657185396,Nuclei,Texture
Cytoplasm_Texture_DifferenceVariance_Mito_10_02_256,0.0011937648921281963,Cytoplasm,Texture
Cells_Texture_InfoMeas2_DNA_10_03_256,0.001193365265582023,Cells,Texture
Nuclei_RadialDistribution_MeanFrac_AGP_1of4,0.0011929558028558468,Nuclei,RadialDistribution
Cytoplasm_Texture_SumVariance_Mito_10_01_256,0.0011899643417668164,Cytoplasm,Texture
Cells_Texture_Contrast_DNA_10_02_256,0.0011885420748928611,Cells,Texture
Nuclei_Intensity_StdIntensityEdge_DNA,0.0011884747789216428,Nuclei,Intensity
Cytoplasm_Correlation_K_AGP_ER,0.0011883288924686244,Cytoplasm,Correlation
Cells_RadialDistribution_RadialCV_ER_2of4,0.0011882286727092962,Cells,RadialDistribution
Nuclei_Texture_Entropy_AGP_3_01_256,0.0011864337556679466,Nuclei,Texture
Nuclei_Texture_SumVariance_DNA_3_02_256,0.0011860293405649308,Nuclei,Texture
Cells_Texture_InfoMeas2_ER_5_00_256,0.00118601086140708,Cells,Texture
Cells_Granularity_6_DNA,0.0011856052747693216,Cells,Granularity
Cytoplasm_RadialDistribution_MeanFrac_mito_tubeness_15of20,0.0011854983187160023,Cytoplasm,RadialDistribution
Cytoplasm_Texture_Correlation_RNA_3_01_256,0.001185091608458606,Cytoplasm,Texture
Nuclei_Granularity_16_ER,0.0011848692531319623,Nuclei,Granularity
Nuclei_Texture_AngularSecondMoment_AGP_3_01_256,0.0011845359484989005,Nuclei,Texture
Nuclei_Texture_DifferenceEntropy_ER_10_03_256,0.001184516824887396,Nuclei,Texture
Nuclei_AreaShape_Zernike_9_7,0.0011838414065303887,Nuclei,AreaShape
Cytoplasm_Texture_Entropy_DNA_3_03_256,0.001183468606426946,Cytoplasm,Texture
Cells_RadialDistribution_MeanFrac_mito_tubeness_13of16,0.0011834265709746562,Cells,RadialDistribution
Cytoplasm_AreaShape_MeanRadius,0.0011832021777152997,Cytoplasm,AreaShape
Cytoplasm_Texture_InverseDifferenceMoment_ER_5_03_256,0.0011829080135170704,Cytoplasm,Texture
Cytoplasm_Granularity_11_ER,0.001180460826892938,Cytoplasm,Granularity
Cells_Correlation_K_Mito_AGP,0.001177985069397047,Cells,Correlation
Cytoplasm_Texture_AngularSecondMoment_RNA_10_01_256,0.0011779500603660965,Cytoplasm,Texture
Nuclei_Texture_DifferenceVariance_Mito_10_03_256,0.0011766557632862324,Nuclei,Texture
Nuclei_Texture_InfoMeas1_AGP_10_00_256,0.0011755431622051608,Nuclei,Texture
Cytoplasm_Intensity_MeanIntensityEdge_AGP,0.0011748033109896434,Cytoplasm,Intensity
Cells_Texture_Variance_DNA_10_01_256,0.0011732629510827661,Cells,Texture
Cells_RadialDistribution_RadialCV_mito_tubeness_9of20,0.0011729975930783048,Cells,RadialDistribution
Nuclei_Correlation_Correlation_AGP_Mito,0.0011729083832804983,Nuclei,Correlation
Cytoplasm_RadialDistribution_MeanFrac_mito_tubeness_10of16,0.0011727344371141564,Cytoplasm,RadialDistribution
Nuclei_Texture_SumEntropy_ER_5_01_256,0.0011709867509827226,Nuclei,Texture
Cells_Texture_Contrast_AGP_3_02_256,0.001170887811983578,Cells,Texture
Cytoplasm_Texture_DifferenceVariance_Mito_5_02_256,0.0011703583573918358,Cytoplasm,Texture
Cells_Texture_InfoMeas1_RNA_3_00_256,0.0011703083767809273,Cells,Texture
Cells_AreaShape_Extent,0.0011690876932659324,Cells,AreaShape
Cytoplasm_Texture_SumEntropy_ER_3_01_256,0.0011679456869687448,Cytoplasm,Texture
Nuclei_Texture_Entropy_AGP_5_00_256,0.0011669387875131829,Nuclei,Texture
Cytoplasm_Texture_InfoMeas1_DNA_3_01_256,0.0011667087963308275,Cytoplasm,Texture
Cells_Texture_Correlation_DNA_5_00_256,0.0011663433848142241,Cells,Texture
Cells_Texture_InfoMeas1_Mito_3_03_256,0.0011645610914287577,Cells,Texture
Nuclei_Correlation_K_AGP_Mito,0.0011643149521192494,Nuclei,Correlation
Nuclei_Texture_AngularSecondMoment_AGP_10_03_256,0.0011637265360046254,Nuclei,Texture
Cells_Intensity_StdIntensityEdge_AGP,0.0011629114965009128,Cells,Intensity
Nuclei_Intensity_MinIntensityEdge_DNA,0.0011619426653370674,Nuclei,Intensity
Cytoplasm_Texture_Variance_ER_5_01_256,0.001161852880224095,Cytoplasm,Texture
Cells_Texture_Correlation_Mito_5_03_256,0.0011600196337414152,Cells,Texture
Nuclei_Texture_DifferenceVariance_Mito_10_02_256,0.0011588501529799292,Nuclei,Texture
Cytoplasm_Correlation_Correlation_DNA_RNA,0.00115866299467338,Cytoplasm,Correlation
Nuclei_Texture_DifferenceVariance_Mito_5_01_256,0.0011576184757320464,Nuclei,Texture
Cytoplasm_Granularity_2_RNA,0.0011574182643640338,Cytoplasm,Granularity
Nuclei_Texture_DifferenceVariance_Mito_5_02_256,0.0011572815156328682,Nuclei,Texture
Cytoplasm_RadialDistribution_FracAtD_mito_tubeness_14of20,0.0011569542714901866,Cytoplasm,RadialDistribution
Cells_Texture_InfoMeas1_Mito_5_02_256,0.001156927978332273,Cells,Texture
Cells_Correlation_RWC_AGP_RNA,0.0011563686833220084,Cells,Correlation
Nuclei_Texture_AngularSecondMoment_AGP_10_00_256,0.001156230944091346,Nuclei,Texture
Nuclei_AreaShape_Zernike_8_8,0.0011551183894464754,Nuclei,AreaShape
Nuclei_Texture_Correlation_Mito_3_00_256,0.0011548050896245904,Nuclei,Texture
Cytoplasm_RadialDistribution_FracAtD_RNA_2of4,0.0011538297473037216,Cytoplasm,RadialDistribution
Cytoplasm_Texture_Correlation_AGP_3_01_256,0.0011533874108382795,Cytoplasm,Texture
Cytoplasm_Texture_InfoMeas1_RNA_10_02_256,0.0011533852849139033,Cytoplasm,Texture
Cells_Granularity_6_Mito,0.001153234121182842,Cells,Granularity
Cells_RadialDistribution_FracAtD_ER_1of4,0.0011519256659760556,Cells,RadialDistribution
Cytoplasm_RadialDistribution_MeanFrac_mito_tubeness_14of16,0.0011509008930131262,Cytoplasm,RadialDistribution
Nuclei_Texture_SumEntropy_DNA_10_02_256,0.001150632677079102,Nuclei,Texture
Nuclei_Texture_InfoMeas1_ER_3_00_256,0.0011500813484131608,Nuclei,Texture
Cells_Texture_InfoMeas1_RNA_5_00_256,0.001149423691791266,Cells,Texture
Nuclei_AreaShape_MinorAxisLength,0.0011482400489200829,Nuclei,AreaShape
Cytoplasm_Texture_InfoMeas1_Mito_3_01_256,0.0011473978754421362,Cytoplasm,Texture
Cytoplasm_Texture_AngularSecondMoment_RNA_10_03_256,0.0011469826829072969,Cytoplasm,Texture
Cytoplasm_Intensity_IntegratedIntensity_DNA,0.0011465838019856685,Cytoplasm,Intensity
Cytoplasm_Texture_Contrast_Mito_10_01_256,0.0011455563890610523,Cytoplasm,Texture
Nuclei_Texture_Correlation_ER_5_01_256,0.0011453211374360503,Nuclei,Texture
Nuclei_Texture_Correlation_ER_5_02_256,0.001143343970325077,Nuclei,Texture
Nuclei_Texture_SumEntropy_AGP_5_01_256,0.0011428168369801435,Nuclei,Texture
Nuclei_Texture_AngularSecondMoment_AGP_5_00_256,0.001142794178348205,Nuclei,Texture
Cells_Texture_Contrast_DNA_5_03_256,0.0011426227613005073,Cells,Texture
Nuclei_Intensity_IntegratedIntensity_RNA,0.0011423919935571445,Nuclei,Intensity
Cells_Intensity_UpperQuartileIntensity_AGP,0.001142000086770817,Cells,Intensity
Cytoplasm_Texture_InfoMeas1_RNA_10_01_256,0.0011419755892555779,Cytoplasm,Texture
Nuclei_Texture_SumEntropy_ER_5_03_256,0.0011419677320886226,Nuclei,Texture
Nuclei_Intensity_MaxIntensityEdge_ER,0.0011418857287961665,Nuclei,Intensity
Cells_Granularity_11_ER,0.0011405866072215888,Cells,Granularity
Nuclei_Texture_InfoMeas2_ER_5_00_256,0.0011405493960306298,Nuclei,Texture
Cells_RadialDistribution_RadialCV_mito_tubeness_1of20,0.0011404613521049864,Cells,RadialDistribution
Cytoplasm_Texture_InfoMeas2_DNA_5_00_256,0.001140400027106807,Cytoplasm,Texture
Nuclei_Correlation_RWC_AGP_ER,0.001140166064994576,Nuclei,Correlation
Cells_Intensity_MinIntensityEdge_AGP,0.0011396166030005718,Cells,Intensity
Cytoplasm_RadialDistribution_FracAtD_mito_tubeness_17of20,0.001139158314747744,Cytoplasm,RadialDistribution
Cells_Texture_InfoMeas2_AGP_3_03_256,0.0011378193779195758,Cells,Texture
Nuclei_Texture_AngularSecondMoment_AGP_3_03_256,0.0011374495427350795,Nuclei,Texture
Cytoplasm_RadialDistribution_FracAtD_ER_2of4,0.0011371597165478827,Cytoplasm,RadialDistribution
Nuclei_Texture_InfoMeas2_DNA_10_00_256,0.0011367537063844274,Nuclei,Texture
Cells_Correlation_RWC_RNA_DNA,0.0011364819874578253,Cells,Correlation
Nuclei_Texture_InfoMeas1_Mito_10_01_256,0.0011360330283148251,Nuclei,Texture
Nuclei_Texture_SumEntropy_ER_10_00_256,0.0011333196797204436,Nuclei,Texture
Nuclei_Texture_InverseDifferenceMoment_AGP_3_00_256,0.0011324486365992925,Nuclei,Texture
Nuclei_Texture_Contrast_ER_3_01_256,0.001132429912603194,Nuclei,Texture
Cells_RadialDistribution_MeanFrac_AGP_2of4,0.0011300635251895333,Cells,RadialDistribution
Cells_Intensity_MeanIntensityEdge_Mito,0.0011293503007826595,Cells,Intensity
Cytoplasm_AreaShape_MaximumRadius,0.0011289025082191983,Cytoplasm,AreaShape
Cytoplasm_Texture_Variance_ER_10_01_256,0.001128140021360845,Cytoplasm,Texture
Cells_Texture_InverseDifferenceMoment_ER_10_01_256,0.0011277481920842548,Cells,Texture
Nuclei_Texture_SumEntropy_AGP_5_02_256,0.0011274418014831358,Nuclei,Texture
Cells_Texture_InfoMeas1_Mito_10_02_256,0.001127293257943945,Cells,Texture
Cells_Texture_SumVariance_DNA_10_02_256,0.0011270367118725387,Cells,Texture
Cytoplasm_Texture_Variance_ER_5_03_256,0.0011258671546134531,Cytoplasm,Texture
Cytoplasm_Texture_DifferenceVariance_Mito_5_01_256,0.0011257348766438163,Cytoplasm,Texture
Nuclei_Texture_AngularSecondMoment_AGP_5_01_256,0.0011257307474651108,Nuclei,Texture
Cytoplasm_Texture_InfoMeas1_ER_5_02_256,0.0011246285500341661,Cytoplasm,Texture
Cytoplasm_Texture_InfoMeas2_ER_10_02_256,0.0011243797289025841,Cytoplasm,Texture
Cytoplasm_Texture_SumEntropy_DNA_3_00_256,0.0011242300313084083,Cytoplasm,Texture
Cytoplasm_Intensity_MinIntensityEdge_AGP,0.0011239857196661822,Cytoplasm,Intensity
Cells_Texture_InfoMeas2_ER_10_03_256,0.0011234619868290402,Cells,Texture
Cells_RadialDistribution_FracAtD_mito_tubeness_2of20,0.0011233081568466981,Cells,RadialDistribution
Nuclei_Texture_Entropy_AGP_10_00_256,0.0011229575193894043,Nuclei,Texture
Nuclei_RadialDistribution_RadialCV_Mito_3of4,0.001122891552245814,Nuclei,RadialDistribution
Nuclei_Texture_AngularSecondMoment_AGP_5_02_256,0.0011220448966715983,Nuclei,Texture
Nuclei_Correlation_K_DNA_AGP,0.0011214163902487989,Nuclei,Correlation
Nuclei_Texture_SumEntropy_DNA_5_01_256,0.0011213698517519787,Nuclei,Texture
Cells_Texture_InverseDifferenceMoment_ER_3_01_256,0.001120815901766556,Cells,Texture
Cytoplasm_Texture_InfoMeas2_AGP_10_02_256,0.0011202264111904827,Cytoplasm,Texture
Cells_Correlation_RWC_Mito_ER,0.0011200055840890856,Cells,Correlation
Cytoplasm_RadialDistribution_FracAtD_AGP_2of4,0.0011188982704230252,Cytoplasm,RadialDistribution
Nuclei_Texture_Entropy_AGP_10_02_256,0.001117985686245707,Nuclei,Texture
Cells_Texture_SumEntropy_Mito_10_03_256,0.0011172712930221807,Cells,Texture
Cells_Texture_Correlation_Mito_5_00_256,0.001116443929662247,Cells,Texture
Nuclei_Texture_Entropy_AGP_10_01_256,0.0011160699250519557,Nuclei,Texture
Cytoplasm_Correlation_K_RNA_DNA,0.0011159626299636978,Cytoplasm,Correlation
Cells_RadialDistribution_FracAtD_Mito_3of4,0.0011157241570903611,Cells,RadialDistribution
Cells_Texture_Correlation_AGP_10_03_256,0.0011142882329893058,Cells,Texture
Nuclei_Intensity_MinIntensity_RNA,0.0011122553103658512,Nuclei,Intensity
Nuclei_Texture_SumEntropy_Mito_3_00_256,0.0011120419008329918,Nuclei,Texture
Nuclei_Texture_Contrast_RNA_5_01_256,0.0011108074268271853,Nuclei,Texture
Cells_Texture_DifferenceEntropy_Mito_5_01_256,0.0011107754914636255,Cells,Texture
Cytoplasm_RadialDistribution_MeanFrac_Mito_2of4,0.0011106991665136385,Cytoplasm,RadialDistribution
Cells_RadialDistribution_FracAtD_mito_tubeness_16of20,0.0011105213857925784,Cells,RadialDistribution
Cytoplasm_AreaShape_MinFeretDiameter,0.0011101473609180955,Cytoplasm,AreaShape
Cytoplasm_Texture_InfoMeas2_ER_5_03_256,0.0011097396127427472,Cytoplasm,Texture
Cytoplasm_RadialDistribution_MeanFrac_mito_tubeness_14of20,0.001107755969257726,Cytoplasm,RadialDistribution
Nuclei_Texture_DifferenceVariance_Mito_10_01_256,0.0011070179915155416,Nuclei,Texture
Cytoplasm_AreaShape_Zernike_9_1,0.001106932836836287,Cytoplasm,AreaShape
Nuclei_Texture_Variance_AGP_5_03_256,0.0011044440495399093,Nuclei,Texture
Cells_Intensity_MassDisplacement_Mito,0.001104174566198708,Cells,Intensity
Cells_Texture_InverseDifferenceMoment_ER_10_00_256,0.0011036180310657073,Cells,Texture
Cells_RadialDistribution_FracAtD_AGP_3of4,0.0011016434344076386,Cells,RadialDistribution
Cells_RadialDistribution_FracAtD_DNA_1of4,0.0011008575111710734,Cells,RadialDistribution
Cells_Texture_Correlation_Mito_5_02_256,0.0010995957345273511,Cells,Texture
Cytoplasm_Texture_InfoMeas2_AGP_10_03_256,0.0010983035910612671,Cytoplasm,Texture
Nuclei_Texture_Correlation_Mito_5_00_256,0.0010972203988265912,Nuclei,Texture
Cells_AreaShape_Zernike_2_0,0.0010965065940451626,Cells,AreaShape
Nuclei_Texture_DifferenceVariance_AGP_10_00_256,0.0010950112512312315,Nuclei,Texture
Cells_Texture_InfoMeas1_ER_5_03_256,0.001092708411948219,Cells,Texture
Cells_Texture_InfoMeas2_ER_5_01_256,0.0010925643039497248,Cells,Texture
Nuclei_Texture_AngularSecondMoment_AGP_10_02_256,0.0010920812451721369,Nuclei,Texture
Cytoplasm_Texture_AngularSecondMoment_RNA_3_03_256,0.0010917838995867766,Cytoplasm,Texture
Cells_Intensity_MedianIntensity_AGP,0.001091765685541759,Cells,Intensity
Cytoplasm_RadialDistribution_RadialCV_DNA_3of4,0.0010916638903810444,Cytoplasm,RadialDistribution
Cytoplasm_Intensity_MeanIntensity_RNA,0.0010916431476860973,Cytoplasm,Intensity
Cells_Texture_InfoMeas1_RNA_10_01_256,0.0010915943542152361,Cells,Texture
Nuclei_Texture_SumEntropy_DNA_3_01_256,0.0010910513497011769,Nuclei,Texture
Cells_Texture_Contrast_DNA_10_03_256,0.0010904414522389873,Cells,Texture
Cytoplasm_Texture_Entropy_ER_10_03_256,0.0010898534411015654,Cytoplasm,Texture
Cells_Correlation_K_DNA_RNA,0.001089342731005932,Cells,Correlation
Cytoplasm_Granularity_15_AGP,0.0010887438881296216,Cytoplasm,Granularity
Nuclei_Texture_SumEntropy_ER_10_01_256,0.0010886967900049578,Nuclei,Texture
Nuclei_AreaShape_EquivalentDiameter,0.0010884825979649447,Nuclei,AreaShape
Nuclei_Texture_Entropy_AGP_3_02_256,0.0010883868731044848,Nuclei,Texture
Cytoplasm_Texture_SumEntropy_ER_5_01_256,0.0010870983323444047,Cytoplasm,Texture
Nuclei_Texture_Contrast_RNA_5_02_256,0.0010866125335970928,Nuclei,Texture
Cytoplasm_Granularity_4_RNA,0.001086417234660725,Cytoplasm,Granularity
Nuclei_Correlation_RWC_Mito_AGP,0.0010864123764466578,Nuclei,Correlation
Cytoplasm_Granularity_3_DNA,0.0010863110434261867,Cytoplasm,Granularity
Nuclei_Texture_InfoMeas1_RNA_3_02_256,0.0010859854688619309,Nuclei,Texture
Cytoplasm_RadialDistribution_FracAtD_mito_tubeness_16of20,0.0010859451732712193,Cytoplasm,RadialDistribution
Cytoplasm_Texture_AngularSecondMoment_AGP_10_03_256,0.001085941196960708,Cytoplasm,Texture
Cells_Texture_Correlation_Mito_3_01_256,0.0010851756924031568,Cells,Texture
Nuclei_Texture_InfoMeas1_DNA_5_01_256,0.0010851097390903825,Nuclei,Texture
Cells_Granularity_12_RNA,0.0010843848321539034,Cells,Granularity
Cells_Correlation_K_RNA_AGP,0.0010842060899134206,Cells,Correlation
Cells_Texture_SumAverage_AGP_3_03_256,0.0010841719614589757,Cells,Texture
Cells_RadialDistribution_MeanFrac_ER_1of4,0.0010840160777537936,Cells,RadialDistribution
Cytoplasm_Texture_InfoMeas2_ER_3_01_256,0.0010837801509374653,Cytoplasm,Texture
Nuclei_Texture_Entropy_AGP_5_02_256,0.0010820936136717917,Nuclei,Texture
Nuclei_Texture_Contrast_RNA_5_03_256,0.0010819704082911943,Nuclei,Texture
Nuclei_Granularity_11_ER,0.001081318478470296,Nuclei,Granularity
Cells_Intensity_MADIntensity_Mito,0.0010805823328908966,Cells,Intensity
Cytoplasm_Texture_Contrast_ER_10_03_256,0.0010797541681794038,Cytoplasm,Texture
Cytoplasm_Texture_SumEntropy_DNA_5_00_256,0.0010796493722019867,Cytoplasm,Texture
Cytoplasm_Texture_DifferenceVariance_Mito_10_01_256,0.0010789499875889824,Cytoplasm,Texture
Cytoplasm_RadialDistribution_RadialCV_RNA_2of4,0.0010772015651335615,Cytoplasm,RadialDistribution
Cytoplasm_Texture_InfoMeas2_ER_10_03_256,0.0010769852598631197,Cytoplasm,Texture
Cells_Texture_InfoMeas2_ER_5_03_256,0.0010768421548605796,Cells,Texture
Nuclei_Granularity_9_ER,0.0010758322987437297,Nuclei,Granularity
Cells_AreaShape_MinFeretDiameter,0.001075273167843339,Cells,AreaShape
Nuclei_Texture_SumEntropy_DNA_3_00_256,0.0010751966822096749,Nuclei,Texture
Nuclei_Texture_AngularSecondMoment_AGP_3_02_256,0.0010751606152033283,Nuclei,Texture
Nuclei_Texture_DifferenceEntropy_ER_10_02_256,0.0010743249072038452,Nuclei,Texture
Cytoplasm_Texture_InfoMeas1_RNA_10_03_256,0.0010743156628190524,Cytoplasm,Texture
Cytoplasm_Texture_DifferenceVariance_Mito_3_01_256,0.0010730176055221818,Cytoplasm,Texture
Cytoplasm_Texture_DifferenceEntropy_ER_3_00_256,0.0010729792000347515,Cytoplasm,Texture
Nuclei_Intensity_UpperQuartileIntensity_DNA,0.0010724318249049247,Nuclei,Intensity
Cytoplasm_Intensity_MaxIntensity_AGP,0.001072379987221471,Cytoplasm,Intensity
Cytoplasm_Texture_InfoMeas2_ER_10_00_256,0.0010720999136745897,Cytoplasm,Texture
Nuclei_Texture_SumEntropy_DNA_3_02_256,0.00107175918098879,Nuclei,Texture
Nuclei_Texture_InverseDifferenceMoment_AGP_10_00_256,0.0010717427730560303,Nuclei,Texture
Nuclei_Texture_SumEntropy_AGP_10_02_256,0.0010714873169412646,Nuclei,Texture
Cells_Intensity_MedianIntensity_DNA,0.0010704928975454615,Cells,Intensity
Nuclei_Intensity_StdIntensity_ER,0.0010701558531686064,Nuclei,Intensity
Cytoplasm_Texture_SumEntropy_ER_3_02_256,0.001069798180048695,Cytoplasm,Texture
Cells_Texture_InfoMeas1_Mito_3_01_256,0.00106933535535323,Cells,Texture
Nuclei_Texture_SumEntropy_AGP_5_03_256,0.0010692118541763714,Nuclei,Texture
Nuclei_Texture_SumEntropy_DNA_5_03_256,0.001067905165133912,Nuclei,Texture
Cytoplasm_Texture_Correlation_RNA_10_01_256,0.00106756405701682,Cytoplasm,Texture
Nuclei_Granularity_9_RNA,0.0010671027609714656,Nuclei,Granularity
Cytoplasm_Texture_SumEntropy_ER_3_00_256,0.001066954486211346,Cytoplasm,Texture
Nuclei_Granularity_6_RNA,0.0010651503571976458,Nuclei,Granularity
Cytoplasm_Texture_Correlation_AGP_5_03_256,0.001065032095814656,Cytoplasm,Texture
Nuclei_Intensity_MassDisplacement_Mito,0.001064874949188379,Nuclei,Intensity
Cytoplasm_Texture_AngularSecondMoment_RNA_3_01_256,0.0010641058160165682,Cytoplasm,Texture
Cells_Texture_SumAverage_AGP_3_01_256,0.0010640554845303995,Cells,Texture
Nuclei_Texture_Contrast_RNA_3_02_256,0.0010615953501889766,Nuclei,Texture
Nuclei_Texture_SumEntropy_DNA_5_00_256,0.0010609510211621194,Nuclei,Texture
Nuclei_Texture_Contrast_ER_5_00_256,0.0010601948823689001,Nuclei,Texture
Cytoplasm_RadialDistribution_MeanFrac_Mito_1of4,0.0010596905258197305,Cytoplasm,RadialDistribution
Cytoplasm_Texture_SumEntropy_AGP_3_02_256,0.0010596082435430226,Cytoplasm,Texture
Nuclei_Intensity_IntegratedIntensityEdge_DNA,0.0010581882932599132,Nuclei,Intensity
Cytoplasm_Texture_InfoMeas1_ER_10_02_256,0.0010580971632491907,Cytoplasm,Texture
Cells_RadialDistribution_MeanFrac_mito_tubeness_16of20,0.0010580350444787914,Cells,RadialDistribution
Cytoplasm_Texture_DifferenceEntropy_ER_10_00_256,0.0010577539927804278,Cytoplasm,Texture
Cells_Intensity_StdIntensityEdge_Mito,0.0010575772972353141,Cells,Intensity
Cytoplasm_Texture_AngularSecondMoment_AGP_3_02_256,0.0010569582757982842,Cytoplasm,Texture
Nuclei_Texture_Entropy_AGP_5_01_256,0.0010565739881102283,Nuclei,Texture
Cytoplasm_Texture_DifferenceVariance_ER_10_01_256,0.0010562945148402442,Cytoplasm,Texture
Cells_Texture_InfoMeas1_Mito_10_00_256,0.0010557854367059707,Cells,Texture
Cells_AreaShape_Zernike_5_3,0.0010557793073530774,Cells,AreaShape
Cells_RadialDistribution_FracAtD_mito_tubeness_9of20,0.0010556682212466383,Cells,RadialDistribution
Nuclei_Texture_DifferenceVariance_Mito_3_03_256,0.0010547826453164686,Nuclei,Texture
Nuclei_Texture_Entropy_AGP_3_00_256,0.0010546223582137567,Nuclei,Texture
Nuclei_AreaShape_Zernike_8_4,0.0010543333350759505,Nuclei,AreaShape
Cytoplasm_Texture_AngularSecondMoment_ER_3_02_256,0.001054161144669966,Cytoplasm,Texture
Nuclei_Texture_Entropy_AGP_3_03_256,0.00105393615954264,Nuclei,Texture
Cytoplasm_AreaShape_Zernike_7_5,0.0010537973066704711,Cytoplasm,AreaShape
Nuclei_Texture_SumAverage_Mito_3_02_256,0.0010530600481251896,Nuclei,Texture
Cells_Texture_InfoMeas2_ER_10_02_256,0.0010524671726541003,Cells,Texture
Nuclei_Texture_InfoMeas2_ER_3_02_256,0.0010522253946016592,Nuclei,Texture
Cytoplasm_Texture_InfoMeas1_Mito_5_03_256,0.0010520216170334606,Cytoplasm,Texture
Cytoplasm_Correlation_RWC_RNA_DNA,0.0010504970926636555,Cytoplasm,Correlation
Cytoplasm_Texture_Variance_Mito_10_02_256,0.0010501788335698491,Cytoplasm,Texture
Nuclei_Texture_Entropy_AGP_5_03_256,0.0010501192320091337,Nuclei,Texture
Nuclei_Texture_Correlation_ER_3_01_256,0.001049997679401713,Nuclei,Texture
Cytoplasm_Texture_InfoMeas2_Mito_3_01_256,0.0010490058743016562,Cytoplasm,Texture
Cells_RadialDistribution_FracAtD_Mito_4of4,0.0010489117485815314,Cells,RadialDistribution
Cytoplasm_Texture_Contrast_ER_3_03_256,0.0010482925435137856,Cytoplasm,Texture
Cytoplasm_RadialDistribution_MeanFrac_mito_tubeness_20of20,0.0010480968685000595,Cytoplasm,RadialDistribution
Nuclei_Texture_SumEntropy_ER_10_02_256,0.001046836842142511,Nuclei,Texture
Nuclei_Texture_AngularSecondMoment_AGP_3_00_256,0.001046460904538305,Nuclei,Texture
Cells_Texture_Contrast_Mito_10_02_256,0.0010458277433969799,Cells,Texture
Cytoplasm_Texture_Correlation_Mito_10_03_256,0.0010456047781917733,Cytoplasm,Texture
Nuclei_Texture_DifferenceEntropy_ER_10_00_256,0.001045182684824145,Nuclei,Texture
Cytoplasm_Intensity_MinIntensity_AGP,0.0010450402282374074,Cytoplasm,Intensity
Cells_Granularity_6_RNA,0.0010445417159020767,Cells,Granularity
Cytoplasm_Texture_DifferenceVariance_Mito_5_03_256,0.0010416461523423744,Cytoplasm,Texture
Nuclei_Texture_SumEntropy_DNA_5_02_256,0.0010404262642285695,Nuclei,Texture
Cells_Texture_SumAverage_AGP_5_03_256,0.0010403263778882936,Cells,Texture
Nuclei_Texture_InfoMeas1_Mito_5_00_256,0.0010402564052102597,Nuclei,Texture
Cytoplasm_Texture_InfoMeas1_DNA_5_01_256,0.0010393382316397038,Cytoplasm,Texture
Nuclei_Correlation_RWC_DNA_AGP,0.0010387051509782655,Nuclei,Correlation
Cells_Correlation_K_DNA_AGP,0.001038116184840224,Cells,Correlation
Cells_Granularity_15_AGP,0.001037619588148248,Cells,Granularity
Cells_Granularity_4_ER,0.0010372347615793841,Cells,Granularity
Cytoplasm_Texture_DifferenceEntropy_ER_10_02_256,0.0010369040722538816,Cytoplasm,Texture
Nuclei_Intensity_IntegratedIntensityEdge_AGP,0.0010366921057025787,Nuclei,Intensity
Nuclei_Texture_InverseDifferenceMoment_AGP_5_02_256,0.0010362199651081027,Nuclei,Texture
Cells_Texture_DifferenceEntropy_ER_10_03_256,0.0010359776914609549,Cells,Texture
Nuclei_Texture_AngularSecondMoment_RNA_3_02_256,0.0010358043663966652,Nuclei,Texture
Cells_Texture_Correlation_DNA_5_02_256,0.0010346717219934882,Cells,Texture
Nuclei_Texture_InverseDifferenceMoment_AGP_5_03_256,0.0010345047625014557,Nuclei,Texture
Cells_Granularity_5_DNA,0.0010327322995265474,Cells,Granularity
Nuclei_Granularity_7_RNA,0.0010326935393706143,Nuclei,Granularity
Cytoplasm_Texture_Contrast_ER_3_02_256,0.001032324815398949,Cytoplasm,Texture
Nuclei_Texture_Contrast_DNA_5_03_256,0.001032162061164854,Nuclei,Texture
Cytoplasm_Texture_AngularSecondMoment_RNA_5_00_256,0.001031960645361778,Cytoplasm,Texture
Cells_Texture_Entropy_ER_3_03_256,0.0010307480446187713,Cells,Texture
Nuclei_Texture_Contrast_RNA_10_00_256,0.0010292908485540206,Nuclei,Texture
Cytoplasm_Texture_InfoMeas1_ER_10_00_256,0.001029284696045839,Cytoplasm,Texture
Cells_Texture_Entropy_ER_5_01_256,0.0010288900710449006,Cells,Texture
Cells_RadialDistribution_FracAtD_AGP_4of4,0.0010269895099190762,Cells,RadialDistribution
Cells_Texture_Entropy_ER_5_00_256,0.001026740266734123,Cells,Texture
Cytoplasm_Texture_Contrast_Mito_10_02_256,0.0010265392107248771,Cytoplasm,Texture
Cytoplasm_Texture_Contrast_RNA_10_02_256,0.001026533289560965,Cytoplasm,Texture
Nuclei_Texture_InverseDifferenceMoment_AGP_3_03_256,0.0010261594659979373,Nuclei,Texture
Cytoplasm_RadialDistribution_MeanFrac_mito_tubeness_11of16,0.0010259065906575416,Cytoplasm,RadialDistribution
Cells_Texture_Contrast_ER_3_03_256,0.0010256722678903835,Cells,Texture
Cells_Texture_Correlation_Mito_3_02_256,0.0010253104246034388,Cells,Texture
Cells_RadialDistribution_MeanFrac_DNA_2of4,0.0010247814380688527,Cells,RadialDistribution
Cytoplasm_Texture_DifferenceEntropy_Mito_10_01_256,0.0010240247292251426,Cytoplasm,Texture
Cells_RadialDistribution_FracAtD_DNA_4of4,0.0010233443700735734,Cells,RadialDistribution
Nuclei_Texture_AngularSecondMoment_AGP_10_01_256,0.0010229679578092794,Nuclei,Texture
Cytoplasm_Texture_SumEntropy_ER_10_01_256,0.0010225533360065648,Cytoplasm,Texture
Cytoplasm_Texture_SumEntropy_ER_3_03_256,0.0010196749667790886,Cytoplasm,Texture
Cytoplasm_Texture_SumVariance_DNA_3_00_256,0.001018428129678536,Cytoplasm,Texture
Nuclei_Texture_Correlation_AGP_3_01_256,0.0010182304294513804,Nuclei,Texture
Nuclei_Texture_SumEntropy_DNA_3_03_256,0.0010181304639822234,Nuclei,Texture
Nuclei_Texture_AngularSecondMoment_AGP_5_03_256,0.0010164761333427512,Nuclei,Texture
Cytoplasm_Texture_SumEntropy_ER_5_02_256,0.001016169171328199,Cytoplasm,Texture
Cells_Texture_DifferenceEntropy_AGP_10_03_256,0.001015660920103463,Cells,Texture
Cytoplasm_Texture_InfoMeas2_Mito_5_03_256,0.0010155379075981077,Cytoplasm,Texture
Cytoplasm_Intensity_IntegratedIntensityEdge_RNA,0.0010151261175529466,Cytoplasm,Intensity
Nuclei_Texture_SumEntropy_AGP_10_03_256,0.0010142957962671062,Nuclei,Texture
Cells_RadialDistribution_RadialCV_mito_tubeness_7of16,0.0010140638973254162,Cells,RadialDistribution
Cytoplasm_Texture_SumVariance_ER_10_02_256,0.001013265269362559,Cytoplasm,Texture
Cells_Texture_Correlation_RNA_5_03_256,0.001013242560060722,Cells,Texture
Cytoplasm_Texture_Variance_ER_5_02_256,0.0010131800779968865,Cytoplasm,Texture
Nuclei_Texture_DifferenceVariance_AGP_10_01_256,0.0010116397918214456,Nuclei,Texture
Cells_Texture_SumAverage_AGP_3_02_256,0.0010087637336645067,Cells,Texture
Nuclei_Texture_DifferenceVariance_Mito_3_01_256,0.0010084343872514571,Nuclei,Texture
Cytoplasm_Texture_InverseDifferenceMoment_RNA_10_00_256,0.0010081298552956598,Cytoplasm,Texture
Cells_Texture_InfoMeas1_ER_10_03_256,0.0010081074332031546,Cells,Texture
Nuclei_Granularity_11_DNA,0.0010079163549484552,Nuclei,Granularity
Nuclei_Granularity_8_RNA,0.0010075716556769165,Nuclei,Granularity
Cells_AreaShape_Compactness,0.001007331337570057,Cells,AreaShape
Cells_Granularity_1_DNA,0.0010067062303018507,Cells,Granularity
Cytoplasm_Texture_SumEntropy_ER_5_00_256,0.0010059240708155163,Cytoplasm,Texture
Cells_Texture_InfoMeas1_DNA_5_00_256,0.001005719892304374,Cells,Texture
Cells_Texture_SumAverage_AGP_10_03_256,0.0010055026879191636,Cells,Texture
Nuclei_Texture_AngularSecondMoment_DNA_10_03_256,0.0010045028700447541,Nuclei,Texture
Cells_RadialDistribution_RadialCV_Mito_1of4,0.0010043267217146681,Cells,RadialDistribution
Nuclei_AreaShape_Zernike_3_1,0.0010042360364293148,Nuclei,AreaShape
Nuclei_Texture_InfoMeas2_Mito_10_00_256,0.0010038780171843038,Nuclei,Texture
Nuclei_Texture_Contrast_RNA_10_02_256,0.0010032679160966447,Nuclei,Texture
Nuclei_Texture_InfoMeas2_DNA_5_03_256,0.0010031817831850276,Nuclei,Texture
Cells_Texture_Entropy_AGP_10_03_256,0.001002580071537003,Cells,Texture
Cells_Texture_InfoMeas1_RNA_10_02_256,0.0010022697953302538,Cells,Texture
Nuclei_Correlation_Correlation_ER_RNA,0.0010021858590854597,Nuclei,Correlation
Cytoplasm_Texture_SumEntropy_ER_5_03_256,0.0010019662172583465,Cytoplasm,Texture
Cytoplasm_Texture_Correlation_RNA_3_00_256,0.0010011691551751157,Cytoplasm,Texture
Cytoplasm_Texture_InverseDifferenceMoment_AGP_10_03_256,0.0010009213912235283,Cytoplasm,Texture
Cytoplasm_Texture_SumEntropy_AGP_5_02_256,0.001000240907396801,Cytoplasm,Texture
Cytoplasm_Correlation_RWC_RNA_Mito,0.000998806312805495,Cytoplasm,Correlation
Cells_Granularity_8_RNA,0.000998577540520143,Cells,Granularity
Cytoplasm_Texture_Entropy_ER_5_00_256,0.000996927124631059,Cytoplasm,Texture
Cells_Texture_InfoMeas1_RNA_10_03_256,0.0009969051626883031,Cells,Texture
Cells_Texture_Contrast_ER_5_03_256,0.000996062977127232,Cells,Texture
Nuclei_Texture_SumEntropy_Mito_3_03_256,0.0009955573540771313,Nuclei,Texture
Cytoplasm_Texture_InfoMeas2_Mito_5_01_256,0.0009949480617381466,Cytoplasm,Texture
Cytoplasm_Texture_Variance_ER_3_03_256,0.0009938072937438847,Cytoplasm,Texture
Cytoplasm_Texture_InverseDifferenceMoment_AGP_10_02_256,0.000993040885627384,Cytoplasm,Texture
Cytoplasm_Texture_SumEntropy_ER_10_00_256,0.0009925401183578028,Cytoplasm,Texture
Cytoplasm_Correlation_RWC_AGP_Mito,0.0009918481942388878,Cytoplasm,Correlation
Cells_RadialDistribution_RadialCV_Mito_2of4,0.000991062907325256,Cells,RadialDistribution
Cytoplasm_RadialDistribution_RadialCV_RNA_1of4,0.000991035897560713,Cytoplasm,RadialDistribution
Nuclei_Texture_Correlation_AGP_10_00_256,0.000990106552895408,Nuclei,Texture
Cells_Texture_InfoMeas1_DNA_10_02_256,0.0009898960146022416,Cells,Texture
Cytoplasm_Texture_InverseDifferenceMoment_AGP_10_00_256,0.0009893549295104875,Cytoplasm,Texture
Nuclei_Granularity_7_DNA,0.000988771463186952,Nuclei,Granularity
Cells_Texture_Contrast_AGP_3_03_256,0.0009883340798010718,Cells,Texture
Cytoplasm_AreaShape_Zernike_5_3,0.000986357722462604,Cytoplasm,AreaShape
Cells_RadialDistribution_FracAtD_AGP_2of4,0.000985213109961478,Cells,RadialDistribution
Cells_Texture_InfoMeas2_DNA_10_02_256,0.000984594315920536,Cells,Texture
Cells_Texture_SumAverage_AGP_5_01_256,0.0009843214370630449,Cells,Texture
Nuclei_Texture_DifferenceVariance_AGP_5_03_256,0.00098346197382073,Nuclei,Texture
Nuclei_Texture_SumEntropy_Mito_5_00_256,0.0009822630503289733,Nuclei,Texture
Cells_Texture_DifferenceEntropy_ER_10_01_256,0.0009820808679173103,Cells,Texture
Nuclei_Texture_InverseDifferenceMoment_AGP_10_02_256,0.0009817645364143704,Nuclei,Texture
Cells_Texture_Entropy_AGP_10_00_256,0.0009807010346646295,Cells,Texture
Cytoplasm_Texture_DifferenceEntropy_ER_10_01_256,0.0009802858724885612,Cytoplasm,Texture
Cytoplasm_Texture_Entropy_ER_5_01_256,0.000977830417613989,Cytoplasm,Texture
Cells_Texture_SumEntropy_DNA_5_00_256,0.0009772219093948868,Cells,Texture
Cells_RadialDistribution_RadialCV_DNA_2of4,0.0009771092484554954,Cells,RadialDistribution
Nuclei_AreaShape_MaximumRadius,0.0009764480964281574,Nuclei,AreaShape
Cytoplasm_Texture_AngularSecondMoment_RNA_3_02_256,0.0009763905049060538,Cytoplasm,Texture
Nuclei_Texture_Correlation_DNA_10_03_256,0.0009763512941805987,Nuclei,Texture
Cells_Texture_SumAverage_AGP_3_00_256,0.0009760465470208147,Cells,Texture
Cytoplasm_Texture_SumEntropy_ER_10_03_256,0.0009760168554735823,Cytoplasm,Texture
Nuclei_Texture_AngularSecondMoment_RNA_3_00_256,0.000974335361804281,Nuclei,Texture
Cytoplasm_Texture_DifferenceEntropy_ER_5_02_256,0.0009737333525221661,Cytoplasm,Texture
Nuclei_Texture_SumEntropy_AGP_10_00_256,0.0009735636784898816,Nuclei,Texture
Cytoplasm_Texture_Contrast_Mito_5_03_256,0.0009734206543323255,Cytoplasm,Texture
Cytoplasm_Granularity_5_RNA,0.0009734177581490907,Cytoplasm,Granularity
Nuclei_Granularity_6_DNA,0.0009731564537014492,Nuclei,Granularity
Cells_Texture_InverseDifferenceMoment_ER_3_03_256,0.0009730731329384363,Cells,Texture
Cells_Intensity_MeanIntensity_RNA,0.0009727828628092539,Cells,Intensity
Cytoplasm_Texture_Correlation_Mito_10_01_256,0.0009721748890228809,Cytoplasm,Texture
Cells_Texture_Contrast_ER_3_01_256,0.0009717692209129122,Cells,Texture
Cells_Texture_SumEntropy_DNA_3_03_256,0.0009716603787923565,Cells,Texture
Nuclei_Texture_Correlation_AGP_5_00_256,0.0009710318962814719,Nuclei,Texture
Cells_Texture_Correlation_RNA_3_00_256,0.0009710287838866602,Cells,Texture
Cytoplasm_Texture_DifferenceEntropy_RNA_10_02_256,0.0009706630339938524,Cytoplasm,Texture
Cells_RadialDistribution_MeanFrac_Mito_4of4,0.0009703503466620792,Cells,RadialDistribution
Nuclei_Texture_Entropy_AGP_10_03_256,0.0009695066788130394,Nuclei,Texture
Nuclei_Texture_SumAverage_Mito_3_03_256,0.0009679687519253223,Nuclei,Texture
Cytoplasm_Intensity_MaxIntensity_ER,0.0009678276510854695,Cytoplasm,Intensity
Cells_Texture_InfoMeas1_RNA_5_03_256,0.0009677242646947499,Cells,Texture
Cytoplasm_Texture_DifferenceVariance_Mito_5_00_256,0.0009676446523995504,Cytoplasm,Texture
Cytoplasm_Texture_DifferenceEntropy_ER_3_01_256,0.0009666249852957013,Cytoplasm,Texture
Cells_Texture_InfoMeas2_RNA_5_02_256,0.0009660910925692536,Cells,Texture
Cells_Texture_InverseDifferenceMoment_ER_5_00_256,0.0009653525414198937,Cells,Texture
Cytoplasm_Texture_InverseDifferenceMoment_AGP_5_01_256,0.0009646824760953418,Cytoplasm,Texture
Cells_Texture_Contrast_AGP_5_00_256,0.0009641851611533119,Cells,Texture
Cytoplasm_Intensity_UpperQuartileIntensity_Mito,0.0009638627648746478,Cytoplasm,Intensity
Nuclei_Texture_InfoMeas1_RNA_5_02_256,0.0009612124591616781,Nuclei,Texture
Cytoplasm_Texture_Contrast_RNA_5_02_256,0.0009605690886227031,Cytoplasm,Texture
Nuclei_Texture_SumEntropy_Mito_3_01_256,0.0009582390844570909,Nuclei,Texture
Nuclei_Texture_Correlation_ER_3_02_256,0.0009581999298721452,Nuclei,Texture
Cytoplasm_Texture_SumEntropy_ER_10_02_256,0.0009581643590666187,Cytoplasm,Texture
Nuclei_Texture_SumAverage_Mito_5_03_256,0.0009580383636057377,Nuclei,Texture
Nuclei_Texture_Contrast_DNA_3_03_256,0.0009577943387141984,Nuclei,Texture
Cells_Texture_SumAverage_AGP_10_00_256,0.0009577338922567184,Cells,Texture
Cytoplasm_Texture_Variance_RNA_10_01_256,0.0009576156455555714,Cytoplasm,Texture
Nuclei_Intensity_UpperQuartileIntensity_Mito,0.0009565750665855635,Nuclei,Intensity
Nuclei_AreaShape_Zernike_6_0,0.000955923893673441,Nuclei,AreaShape
Cytoplasm_RadialDistribution_RadialCV_mito_tubeness_13of20,0.0009552457533209235,Cytoplasm,RadialDistribution
Nuclei_Texture_DifferenceEntropy_ER_10_01_256,0.000954865460012765,Nuclei,Texture
Nuclei_Texture_SumAverage_Mito_5_00_256,0.0009548595668794795,Nuclei,Texture
Cytoplasm_Texture_DifferenceVariance_ER_10_03_256,0.0009546224820483725,Cytoplasm,Texture
Nuclei_Texture_InfoMeas2_ER_5_02_256,0.0009545619376357146,Nuclei,Texture
Nuclei_Texture_DifferenceVariance_AGP_10_02_256,0.0009544953324689231,Nuclei,Texture
Nuclei_Texture_InfoMeas2_Mito_10_02_256,0.0009538628517787272,Nuclei,Texture
Cells_Texture_SumAverage_AGP_5_00_256,0.0009536502149109895,Cells,Texture
Nuclei_Texture_DifferenceEntropy_ER_5_03_256,0.0009536237259966843,Nuclei,Texture
Cytoplasm_Texture_Correlation_RNA_5_01_256,0.0009525562562937141,Cytoplasm,Texture
Nuclei_Texture_SumEntropy_Mito_5_03_256,0.0009512501325973842,Nuclei,Texture
Nuclei_Texture_SumAverage_Mito_3_00_256,0.0009508155622487331,Nuclei,Texture
Cells_RadialDistribution_FracAtD_mito_tubeness_8of20,0.0009507756409454617,Cells,RadialDistribution
Cytoplasm_Texture_Entropy_DNA_5_00_256,0.0009506133308747978,Cytoplasm,Texture
Cytoplasm_Texture_AngularSecondMoment_RNA_3_00_256,0.0009499881703699689,Cytoplasm,Texture
Nuclei_Texture_SumAverage_Mito_10_02_256,0.0009497070408912934,Nuclei,Texture
Cells_Texture_InfoMeas2_DNA_5_01_256,0.0009495947711794932,Cells,Texture
Cells_Texture_Correlation_ER_5_02_256,0.0009492436077614131,Cells,Texture
Cells_Texture_Entropy_ER_5_03_256,0.0009486435059573393,Cells,Texture
Cytoplasm_Texture_InfoMeas2_Mito_3_03_256,0.0009478528673831274,Cytoplasm,Texture
Nuclei_AreaShape_Zernike_0_0,0.0009432960658192055,Nuclei,AreaShape
Cells_Texture_Entropy_DNA_10_00_256,0.0009426790724473376,Cells,Texture
Nuclei_Texture_DifferenceVariance_DNA_10_01_256,0.000942169224079927,Nuclei,Texture
Cytoplasm_Texture_Variance_ER_3_02_256,0.0009419188674291945,Cytoplasm,Texture
Cytoplasm_Texture_InfoMeas2_Mito_5_02_256,0.0009416786455559694,Cytoplasm,Texture
Nuclei_Texture_Variance_RNA_5_03_256,0.0009413643209388413,Nuclei,Texture
Cells_Granularity_7_DNA,0.0009407968688992696,Cells,Granularity
Nuclei_Texture_InfoMeas1_AGP_10_03_256,0.0009402610845141421,Nuclei,Texture
Cells_Texture_Correlation_DNA_3_03_256,0.0009392150068470073,Cells,Texture
Cells_Texture_Correlation_AGP_5_00_256,0.0009390636617120305,Cells,Texture
Cells_Intensity_UpperQuartileIntensity_RNA,0.0009384054785225869,Cells,Intensity
Cytoplasm_Texture_InverseDifferenceMoment_AGP_5_02_256,0.0009381496079861661,Cytoplasm,Texture
Nuclei_Texture_InverseDifferenceMoment_AGP_5_01_256,0.0009380439170906487,Nuclei,Texture
Nuclei_AreaShape_Zernike_4_4,0.000936824400695124,Nuclei,AreaShape
Nuclei_Texture_InfoMeas2_ER_3_03_256,0.000936688174712929,Nuclei,Texture
Nuclei_Texture_DifferenceEntropy_DNA_3_02_256,0.0009360081608987717,Nuclei,Texture
Nuclei_Granularity_12_Mito,0.0009357363706892232,Nuclei,Granularity
Cells_Texture_SumEntropy_DNA_3_00_256,0.0009350273344976553,Cells,Texture
Cytoplasm_Texture_SumVariance_ER_3_02_256,0.0009346746664674096,Cytoplasm,Texture
Nuclei_Texture_SumAverage_Mito_3_01_256,0.0009346130849605418,Nuclei,Texture
Cells_RadialDistribution_MeanFrac_ER_2of4,0.0009345118701821775,Cells,RadialDistribution
Cells_Texture_SumAverage_AGP_5_02_256,0.0009343376120029591,Cells,Texture
Cells_Texture_AngularSecondMoment_RNA_3_00_256,0.0009341354472884891,Cells,Texture
Cells_Granularity_5_RNA,0.0009340040204467317,Cells,Granularity
Nuclei_Correlation_K_Mito_DNA,0.0009339587898284662,Nuclei,Correlation
Cytoplasm_Texture_Entropy_ER_3_03_256,0.0009339015371162012,Cytoplasm,Texture
Cytoplasm_Texture_DifferenceVariance_ER_3_03_256,0.0009325053350377337,Cytoplasm,Texture
Cytoplasm_Texture_Variance_ER_3_00_256,0.0009319578874416428,Cytoplasm,Texture
Nuclei_Intensity_MeanIntensityEdge_AGP,0.0009314110096836105,Nuclei,Intensity
Cytoplasm_Texture_DifferenceEntropy_Mito_10_03_256,0.0009305603944916843,Cytoplasm,Texture
Cells_Texture_Correlation_Mito_5_01_256,0.0009298127284611317,Cells,Texture
Nuclei_Texture_SumEntropy_Mito_5_02_256,0.000928763971060107,Nuclei,Texture
Nuclei_AreaShape_Orientation,0.0009286842272584701,Nuclei,AreaShape
Nuclei_AreaShape_MedianRadius,0.000928323316953278,Nuclei,AreaShape
Cells_Texture_Correlation_ER_5_03_256,0.0009271763568826178,Cells,Texture
Cells_Texture_DifferenceEntropy_ER_5_01_256,0.000926783539999373,Cells,Texture
Cytoplasm_Texture_Correlation_RNA_10_00_256,0.0009260308496699768,Cytoplasm,Texture
Cytoplasm_Texture_Variance_ER_5_00_256,0.000925248034530536,Cytoplasm,Texture
Cytoplasm_Texture_InfoMeas1_RNA_3_00_256,0.0009251465042028226,Cytoplasm,Texture
Cytoplasm_Correlation_Correlation_AGP_DNA,0.0009245440612305954,Cytoplasm,Correlation
Cells_Texture_Correlation_Mito_3_00_256,0.0009242912306997044,Cells,Texture
Cells_Texture_Contrast_ER_10_02_256,0.0009240893801169088,Cells,Texture
Cells_Texture_AngularSecondMoment_RNA_5_02_256,0.0009239048649578763,Cells,Texture
Nuclei_Granularity_10_RNA,0.0009238171574647172,Nuclei,Granularity
Cytoplasm_Texture_DifferenceVariance_ER_10_02_256,0.0009230793143693258,Cytoplasm,Texture
Cytoplasm_Texture_DifferenceEntropy_ER_10_03_256,0.0009229135396682458,Cytoplasm,Texture
Nuclei_Texture_DifferenceEntropy_DNA_3_03_256,0.0009225712263443191,Nuclei,Texture
Cells_RadialDistribution_MeanFrac_Mito_2of4,0.00092222250929938,Cells,RadialDistribution
Nuclei_Texture_Variance_RNA_3_03_256,0.0009209966781733263,Nuclei,Texture
Cells_Texture_Entropy_ER_10_00_256,0.0009203300741786993,Cells,Texture
Cells_Texture_AngularSecondMoment_AGP_10_03_256,0.0009200405174384027,Cells,Texture
Nuclei_Texture_AngularSecondMoment_RNA_3_01_256,0.0009197630214995505,Nuclei,Texture
Nuclei_Texture_SumAverage_Mito_10_00_256,0.0009191065538753459,Nuclei,Texture
Cytoplasm_Texture_InfoMeas2_Mito_10_00_256,0.0009191001960243739,Cytoplasm,Texture
Cytoplasm_Texture_Contrast_ER_3_01_256,0.0009186673028099384,Cytoplasm,Texture
Nuclei_AreaShape_MeanRadius,0.0009184164725931104,Nuclei,AreaShape
Cytoplasm_Intensity_IntegratedIntensityEdge_AGP,0.0009183761935998648,Cytoplasm,Intensity
Nuclei_Texture_InverseDifferenceMoment_AGP_5_00_256,0.0009176203701794553,Nuclei,Texture
Nuclei_Texture_DifferenceEntropy_DNA_5_03_256,0.0009172943737494929,Nuclei,Texture
Cells_Texture_Entropy_DNA_10_03_256,0.0009166361234695485,Cells,Texture
Cytoplasm_Texture_InfoMeas1_Mito_5_01_256,0.0009164678444826028,Cytoplasm,Texture
Cytoplasm_Texture_Entropy_AGP_10_00_256,0.0009163723016847923,Cytoplasm,Texture
Cytoplasm_Texture_InverseDifferenceMoment_AGP_5_03_256,0.000916352605857875,Cytoplasm,Texture
Cells_Texture_Entropy_DNA_3_02_256,0.0009153514995190497,Cells,Texture
Cells_Texture_Contrast_AGP_5_03_256,0.0009148649648705032,Cells,Texture
Nuclei_Texture_DifferenceEntropy_ER_5_01_256,0.0009142854492633237,Nuclei,Texture
Nuclei_Correlation_RWC_RNA_ER,0.0009141852000461118,Nuclei,Correlation
Cytoplasm_Texture_InfoMeas2_ER_5_02_256,0.0009141240740219863,Cytoplasm,Texture
Nuclei_Texture_SumVariance_DNA_5_02_256,0.0009140761606256222,Nuclei,Texture
Cytoplasm_Texture_InfoMeas2_RNA_5_00_256,0.000913930622001057,Cytoplasm,Texture
Cells_Texture_Contrast_ER_3_02_256,0.0009133402648980597,Cells,Texture
Nuclei_Texture_SumEntropy_Mito_5_01_256,0.0009120369177877105,Nuclei,Texture
Cytoplasm_Texture_InfoMeas2_ER_5_00_256,0.00091181090295452,Cytoplasm,Texture
Cells_Intensity_MADIntensity_AGP,0.0009111995309961328,Cells,Intensity
Cytoplasm_Texture_Variance_DNA_5_00_256,0.0009103884627776487,Cytoplasm,Texture
Nuclei_Texture_Variance_RNA_3_01_256,0.0009097031927831267,Nuclei,Texture
Cytoplasm_Granularity_5_Mito,0.000908611183220793,Cytoplasm,Granularity
Cytoplasm_Intensity_MaxIntensity_DNA,0.0009079988496822417,Cytoplasm,Intensity
Cells_Texture_AngularSecondMoment_RNA_3_02_256,0.0009072822760221503,Cells,Texture
Cells_Texture_Entropy_DNA_3_00_256,0.000907066517487952,Cells,Texture
Nuclei_Texture_DifferenceEntropy_DNA_5_01_256,0.000906644562510337,Nuclei,Texture
Cells_Texture_InfoMeas2_Mito_5_03_256,0.000906182975034296,Cells,Texture
Cytoplasm_Texture_Entropy_RNA_5_03_256,0.0009061302531699766,Cytoplasm,Texture
Nuclei_Texture_Contrast_RNA_10_03_256,0.0009057234178609568,Nuclei,Texture
Cells_Texture_Entropy_ER_3_00_256,0.0009053212633079966,Cells,Texture
Cells_RadialDistribution_RadialCV_mito_tubeness_5of20,0.000904764202714432,Cells,RadialDistribution
Nuclei_Texture_InfoMeas1_AGP_5_02_256,0.0009047540271006126,Nuclei,Texture
Nuclei_Granularity_1_Mito,0.0009043851153650653,Nuclei,Granularity
Cells_Texture_SumVariance_DNA_10_01_256,0.0009043814400521504,Cells,Texture
Nuclei_AreaShape_MinFeretDiameter,0.000904063410317966,Nuclei,AreaShape
Cytoplasm_Texture_Contrast_RNA_10_01_256,0.0009036327620664711,Cytoplasm,Texture
Nuclei_Texture_DifferenceVariance_Mito_3_02_256,0.00090189036099868,Nuclei,Texture
Cells_Texture_InverseDifferenceMoment_ER_10_02_256,0.0009013323942138284,Cells,Texture
Cells_Texture_SumEntropy_Mito_10_01_256,0.0009009192173419121,Cells,Texture
Cells_Texture_Entropy_DNA_5_00_256,0.0009007403880884469,Cells,Texture
Nuclei_Texture_DifferenceEntropy_AGP_10_00_256,0.0009003314150660506,Nuclei,Texture
Cytoplasm_Intensity_MADIntensity_AGP,0.0009000417788398149,Cytoplasm,Intensity
Cytoplasm_Texture_Entropy_RNA_10_01_256,0.0009000175382371773,Cytoplasm,Texture
Nuclei_Texture_Correlation_ER_5_03_256,0.0008997582985778406,Nuclei,Texture
Cytoplasm_Texture_SumAverage_RNA_10_02_256,0.0008995953678614959,Cytoplasm,Texture
Cells_Texture_InverseDifferenceMoment_ER_5_01_256,0.0008991023096658475,Cells,Texture
Cells_RadialDistribution_MeanFrac_RNA_1of4,0.0008981707960317311,Cells,RadialDistribution
Cells_Texture_InfoMeas2_AGP_10_03_256,0.0008981545660312155,Cells,Texture
Cytoplasm_Texture_Entropy_ER_5_02_256,0.000897802816611407,Cytoplasm,Texture
Nuclei_Texture_Variance_RNA_10_02_256,0.0008974490724274022,Nuclei,Texture
Cytoplasm_Texture_SumEntropy_AGP_10_02_256,0.0008961978983019694,Cytoplasm,Texture
Cells_Texture_SumEntropy_Mito_10_00_256,0.0008960152468716842,Cells,Texture
Cytoplasm_Texture_DifferenceEntropy_ER_3_03_256,0.000895979780775958,Cytoplasm,Texture
Nuclei_Texture_InverseDifferenceMoment_AGP_3_02_256,0.0008956205264361675,Nuclei,Texture
Cytoplasm_Granularity_4_DNA,0.000894961629237514,Cytoplasm,Granularity
Cytoplasm_Texture_DifferenceEntropy_ER_5_03_256,0.0008936882970985088,Cytoplasm,Texture
Nuclei_Texture_DifferenceEntropy_AGP_10_02_256,0.0008935268564320203,Nuclei,Texture
Cells_Texture_Contrast_AGP_5_02_256,0.0008935068503446278,Cells,Texture
Cells_Texture_AngularSecondMoment_RNA_3_03_256,0.0008932615795915159,Cells,Texture
Cells_Texture_Correlation_Mito_10_00_256,0.0008929371804216707,Cells,Texture
Nuclei_Correlation_K_Mito_AGP,0.0008919313404762111,Nuclei,Correlation
Cells_Texture_Entropy_ER_5_02_256,0.0008912234888311689,Cells,Texture
Cells_RadialDistribution_FracAtD_mito_tubeness_7of20,0.0008910670290613001,Cells,RadialDistribution
Cells_RadialDistribution_RadialCV_mito_tubeness_16of16,0.0008905365773586839,Cells,RadialDistribution
Nuclei_Texture_Contrast_DNA_5_00_256,0.000890522606507927,Nuclei,Texture
Cytoplasm_Texture_InfoMeas1_ER_5_00_256,0.0008898818383802011,Cytoplasm,Texture
Cells_Texture_Variance_Mito_5_03_256,0.0008897434902220473,Cells,Texture
Cells_RadialDistribution_RadialCV_mito_tubeness_3of20,0.0008895261108773411,Cells,RadialDistribution
Nuclei_Texture_DifferenceEntropy_AGP_5_02_256,0.0008892138648557842,Nuclei,Texture
Nuclei_Texture_Variance_RNA_3_00_256,0.0008890837965840806,Nuclei,Texture
Cytoplasm_Correlation_RWC_DNA_Mito,0.0008890170781497935,Cytoplasm,Correlation
Cells_Texture_DifferenceEntropy_AGP_10_00_256,0.0008888542581553338,Cells,Texture
Cells_Texture_Correlation_AGP_3_00_256,0.0008884379306151199,Cells,Texture
Cytoplasm_RadialDistribution_FracAtD_mito_tubeness_16of16,0.0008875218024539728,Cytoplasm,RadialDistribution
Nuclei_Texture_DifferenceEntropy_Mito_10_02_256,0.0008864972276205663,Nuclei,Texture
Nuclei_Intensity_MeanIntensity_Mito,0.0008863848328928726,Nuclei,Intensity
Nuclei_Texture_InverseDifferenceMoment_DNA_10_01_256,0.0008863240727311806,Nuclei,Texture
Nuclei_Texture_InverseDifferenceMoment_AGP_10_01_256,0.0008861874432451648,Nuclei,Texture
Nuclei_Texture_Correlation_Mito_5_02_256,0.0008850367015423087,Nuclei,Texture
Cytoplasm_Texture_SumVariance_ER_3_00_256,0.0008848471464391748,Cytoplasm,Texture
Nuclei_Granularity_5_DNA,0.0008847046587080903,Nuclei,Granularity
Cytoplasm_Texture_Variance_ER_3_01_256,0.0008846783940872374,Cytoplasm,Texture
Cells_Correlation_Correlation_DNA_Mito,0.000884424805675995,Cells,Correlation
Cells_Texture_InfoMeas2_ER_10_00_256,0.0008841946288339386,Cells,Texture
Cells_Texture_InverseDifferenceMoment_ER_3_00_256,0.0008839654803835271,Cells,Texture
Nuclei_Texture_DifferenceVariance_Mito_3_00_256,0.0008839028792421491,Nuclei,Texture
Nuclei_Texture_SumAverage_Mito_5_02_256,0.0008836989463556424,Nuclei,Texture
Cytoplasm_Texture_Entropy_ER_3_00_256,0.0008829168856391334,Cytoplasm,Texture
Cells_Texture_SumVariance_ER_10_03_256,0.0008821099741336574,Cells,Texture
Nuclei_AreaShape_FormFactor,0.0008813050107190585,Nuclei,AreaShape
Cells_Texture_InfoMeas2_Mito_10_00_256,0.0008812608816333523,Cells,Texture
Nuclei_Texture_Variance_RNA_5_00_256,0.0008807907310827951,Nuclei,Texture
Cytoplasm_Texture_Variance_Mito_5_02_256,0.0008804658106341127,Cytoplasm,Texture
Cells_AreaShape_Zernike_0_0,0.0008798569537507969,Cells,AreaShape
Cells_Texture_SumEntropy_DNA_3_02_256,0.0008793972016266188,Cells,Texture
Cytoplasm_Texture_Contrast_DNA_3_01_256,0.0008786654435651339,Cytoplasm,Texture
Cytoplasm_Texture_InfoMeas1_Mito_3_00_256,0.0008781772935500548,Cytoplasm,Texture
Cytoplasm_Texture_SumAverage_RNA_10_03_256,0.0008777728893320663,Cytoplasm,Texture
Cells_Texture_AngularSecondMoment_RNA_5_03_256,0.000877639454345334,Cells,Texture
Cytoplasm_Texture_Contrast_RNA_3_01_256,0.0008772742942463603,Cytoplasm,Texture
Cytoplasm_Texture_DifferenceEntropy_ER_5_01_256,0.0008771240235611393,Cytoplasm,Texture
Nuclei_Texture_Variance_DNA_3_02_256,0.0008770542819895256,Nuclei,Texture
Cells_RadialDistribution_MeanFrac_RNA_4of4,0.0008769628561328447,Cells,RadialDistribution
Nuclei_Correlation_K_DNA_RNA,0.0008757777499327598,Nuclei,Correlation
Cytoplasm_Texture_DifferenceVariance_ER_5_01_256,0.0008757683822295803,Cytoplasm,Texture
Cells_AreaShape_Zernike_5_5,0.0008756156848617788,Cells,AreaShape
Cells_Texture_SumEntropy_DNA_3_01_256,0.0008755479532887632,Cells,Texture
Cells_Texture_InfoMeas1_Mito_5_01_256,0.000875451771259707,Cells,Texture
Cells_Granularity_5_AGP,0.000874922734967965,Cells,Granularity
Cells_Texture_AngularSecondMoment_RNA_10_02_256,0.0008748864784372147,Cells,Texture
Cells_Texture_Contrast_DNA_3_03_256,0.00087334689106813,Cells,Texture
Nuclei_AreaShape_Zernike_7_3,0.0008732364575683147,Nuclei,AreaShape
Nuclei_Intensity_MADIntensity_Mito,0.0008731082593043636,Nuclei,Intensity
Cytoplasm_Correlation_K_DNA_RNA,0.0008729346210605269,Cytoplasm,Correlation
Cytoplasm_Granularity_12_Mito,0.0008726634340564487,Cytoplasm,Granularity
Nuclei_Texture_AngularSecondMoment_RNA_10_02_256,0.000872161552329739,Nuclei,Texture
Cells_RadialDistribution_FracAtD_Mito_2of4,0.0008720672565378404,Cells,RadialDistribution
Nuclei_Texture_DifferenceEntropy_DNA_3_00_256,0.0008719225566973624,Nuclei,Texture
Nuclei_Texture_InfoMeas1_Mito_5_01_256,0.0008718895199646275,Nuclei,Texture
Cytoplasm_Texture_SumVariance_ER_10_01_256,0.0008718025427723271,Cytoplasm,Texture
Cells_Texture_SumEntropy_Mito_10_02_256,0.0008714488157290491,Cells,Texture
Cytoplasm_Intensity_MeanIntensityEdge_DNA,0.0008713965820178211,Cytoplasm,Intensity
Cells_RadialDistribution_FracAtD_RNA_3of4,0.0008711495174416736,Cells,RadialDistribution
Nuclei_Texture_InverseDifferenceMoment_Mito_10_02_256,0.0008711143194445218,Nuclei,Texture
Nuclei_RadialDistribution_MeanFrac_AGP_2of4,0.000871003078839619,Nuclei,RadialDistribution
Nuclei_Texture_InfoMeas1_RNA_3_03_256,0.0008709300504597195,Nuclei,Texture
Cells_Intensity_IntegratedIntensity_AGP,0.0008706336747776991,Cells,Intensity
Nuclei_Texture_Variance_RNA_3_02_256,0.0008705789225496119,Nuclei,Texture
Nuclei_AreaShape_Zernike_5_1,0.0008697238533620424,Nuclei,AreaShape
Nuclei_Granularity_13_ER,0.0008694471377254688,Nuclei,Granularity
Cytoplasm_Texture_Entropy_AGP_10_03_256,0.0008682564661889305,Cytoplasm,Texture
Nuclei_Texture_DifferenceVariance_AGP_5_00_256,0.0008674780119170984,Nuclei,Texture
Cells_Texture_AngularSecondMoment_AGP_5_01_256,0.0008670009970956017,Cells,Texture
Cells_Texture_InfoMeas2_AGP_5_00_256,0.0008668837274594158,Cells,Texture
Nuclei_Texture_Variance_RNA_5_02_256,0.0008667108160755431,Nuclei,Texture
Cells_Texture_DifferenceEntropy_AGP_10_01_256,0.0008658301238652452,Cells,Texture
Cells_AreaShape_MeanRadius,0.0008654395772971059,Cells,AreaShape
Cytoplasm_RadialDistribution_MeanFrac_mito_tubeness_13of20,0.0008647971273057919,Cytoplasm,RadialDistribution
Nuclei_AreaShape_BoundingBoxArea,0.0008642840699082756,Nuclei,AreaShape
Cells_Intensity_MinIntensity_AGP,0.0008640037037236782,Cells,Intensity
Cytoplasm_Texture_InfoMeas1_ER_3_02_256,0.0008625416981106225,Cytoplasm,Texture
Cytoplasm_Texture_DifferenceEntropy_RNA_10_00_256,0.0008620825733981162,Cytoplasm,Texture
Cells_Texture_InfoMeas2_AGP_5_02_256,0.0008619690128190477,Cells,Texture
Cytoplasm_Texture_InfoMeas1_AGP_10_02_256,0.000861674699843726,Cytoplasm,Texture
Cytoplasm_Texture_Correlation_RNA_3_03_256,0.0008613738642582445,Cytoplasm,Texture
Cytoplasm_Texture_InverseDifferenceMoment_RNA_10_03_256,0.0008604875799252503,Cytoplasm,Texture
Nuclei_Intensity_MeanIntensity_DNA,0.0008596892682102667,Nuclei,Intensity
Nuclei_Texture_DifferenceEntropy_DNA_5_02_256,0.0008595399828498427,Nuclei,Texture
Cytoplasm_Intensity_LowerQuartileIntensity_Mito,0.0008592607378834925,Cytoplasm,Intensity
Cells_Texture_Entropy_DNA_3_03_256,0.0008590052811762559,Cells,Texture
Cytoplasm_Texture_DifferenceVariance_ER_10_00_256,0.0008584462057375017,Cytoplasm,Texture
Nuclei_Granularity_12_RNA,0.0008582855379790999,Nuclei,Granularity
Cytoplasm_Texture_DifferenceEntropy_Mito_10_02_256,0.0008576400797314169,Cytoplasm,Texture
Nuclei_Texture_DifferenceEntropy_ER_5_00_256,0.0008575835166915827,Nuclei,Texture
Cells_Texture_Correlation_AGP_3_02_256,0.0008572145110935837,Cells,Texture
Cells_Granularity_2_DNA,0.0008568453612393308,Cells,Granularity
Cytoplasm_Texture_Variance_RNA_5_01_256,0.0008567517945909588,Cytoplasm,Texture
Nuclei_Texture_DifferenceEntropy_AGP_3_01_256,0.0008565033621925977,Nuclei,Texture
Cells_Texture_InfoMeas1_AGP_10_01_256,0.0008564055193606431,Cells,Texture
Nuclei_Texture_Variance_DNA_3_03_256,0.0008561502867593974,Nuclei,Texture
Nuclei_Texture_InfoMeas2_Mito_10_01_256,0.0008561058384722336,Nuclei,Texture
Nuclei_RadialDistribution_FracAtD_ER_4of4,0.0008552859973081338,Nuclei,RadialDistribution
Cytoplasm_Texture_DifferenceVariance_ER_3_02_256,0.0008549415170550998,Cytoplasm,Texture
Cytoplasm_RadialDistribution_MeanFrac_mito_tubeness_17of20,0.0008540393856284416,Cytoplasm,RadialDistribution
Cells_Texture_SumAverage_AGP_10_02_256,0.0008539033770921378,Cells,Texture
Nuclei_Texture_DifferenceEntropy_Mito_3_00_256,0.0008537295075439033,Nuclei,Texture
Cells_RadialDistribution_RadialCV_mito_tubeness_2of20,0.0008531541732346731,Cells,RadialDistribution
Nuclei_Texture_DifferenceEntropy_AGP_5_00_256,0.0008527921207158735,Nuclei,Texture
Cells_Texture_InfoMeas1_DNA_5_02_256,0.0008519963221988292,Cells,Texture
Cytoplasm_Intensity_UpperQuartileIntensity_DNA,0.0008517437712626068,Cytoplasm,Intensity
Cells_Texture_Entropy_AGP_10_01_256,0.000851261289053582,Cells,Texture
Nuclei_Texture_Variance_DNA_3_01_256,0.0008507078612728946,Nuclei,Texture
Nuclei_Texture_DifferenceVariance_DNA_10_00_256,0.000850492858997833,Nuclei,Texture
Cytoplasm_Intensity_MADIntensity_RNA,0.0008492884491819755,Cytoplasm,Intensity
Cells_Texture_Correlation_ER_3_01_256,0.0008481526481916392,Cells,Texture
Cytoplasm_RadialDistribution_FracAtD_mito_tubeness_14of16,0.0008480308877499607,Cytoplasm,RadialDistribution
Cytoplasm_AreaShape_Zernike_8_0,0.0008471979625535044,Cytoplasm,AreaShape
Cells_Granularity_5_ER,0.0008471201189659691,Cells,Granularity
Nuclei_Texture_InverseDifferenceMoment_AGP_10_03_256,0.0008460594724160078,Nuclei,Texture
Nuclei_Texture_SumAverage_Mito_5_01_256,0.0008457928086785874,Nuclei,Texture
Nuclei_Texture_Variance_DNA_3_00_256,0.0008457709087833467,Nuclei,Texture
Cells_Correlation_K_ER_RNA,0.0008455020109210766,Cells,Correlation
Nuclei_Texture_DifferenceVariance_AGP_3_00_256,0.0008452030017425776,Nuclei,Texture
Cells_Texture_DifferenceVariance_ER_10_00_256,0.0008445676559235186,Cells,Texture
Nuclei_Texture_Variance_DNA_5_02_256,0.0008438902702222809,Nuclei,Texture
Nuclei_Texture_DifferenceEntropy_AGP_3_02_256,0.0008433737978287224,Nuclei,Texture
Cells_Intensity_MeanIntensityEdge_DNA,0.0008412731544487022,Cells,Intensity
Nuclei_Texture_DifferenceVariance_AGP_5_01_256,0.000841153637582985,Nuclei,Texture
Cytoplasm_Texture_InfoMeas2_RNA_3_00_256,0.0008407954396499561,Cytoplasm,Texture
Cytoplasm_Texture_AngularSecondMoment_ER_3_01_256,0.0008399345937654549,Cytoplasm,Texture
Cytoplasm_RadialDistribution_RadialCV_ER_2of4,0.0008392360819353988,Cytoplasm,RadialDistribution
Cytoplasm_Texture_InverseDifferenceMoment_RNA_10_02_256,0.0008390164406539822,Cytoplasm,Texture
Nuclei_Texture_DifferenceVariance_DNA_10_02_256,0.0008381867637529337,Nuclei,Texture
Nuclei_Texture_InfoMeas1_DNA_5_03_256,0.0008374677389604455,Nuclei,Texture
Cells_Texture_AngularSecondMoment_AGP_5_03_256,0.0008370324384486594,Cells,Texture
Cytoplasm_Texture_SumVariance_ER_5_01_256,0.0008370187572966513,Cytoplasm,Texture
Cytoplasm_Granularity_6_DNA,0.0008364492728807298,Cytoplasm,Granularity
Cytoplasm_Texture_Correlation_ER_5_00_256,0.0008360439570372234,Cytoplasm,Texture
Cells_Texture_SumEntropy_DNA_10_00_256,0.0008359857783748989,Cells,Texture
Cytoplasm_Texture_SumVariance_ER_10_03_256,0.0008359732046483259,Cytoplasm,Texture
Cytoplasm_Texture_DifferenceVariance_ER_5_03_256,0.0008350170471229441,Cytoplasm,Texture
Cells_Texture_InverseDifferenceMoment_AGP_10_01_256,0.0008345273361451941,Cells,Texture
Nuclei_Texture_SumVariance_ER_10_01_256,0.0008338960374853091,Nuclei,Texture
Cytoplasm_Texture_SumVariance_Mito_10_02_256,0.0008335254714256735,Cytoplasm,Texture
Cytoplasm_Texture_Contrast_Mito_5_02_256,0.0008331916574440714,Cytoplasm,Texture
Cytoplasm_Texture_InfoMeas1_ER_3_01_256,0.0008327642297396258,Cytoplasm,Texture
Cytoplasm_RadialDistribution_RadialCV_AGP_3of4,0.000832629119192591,Cytoplasm,RadialDistribution
Nuclei_AreaShape_Area,0.0008325083644889934,Nuclei,AreaShape
Cells_RadialDistribution_RadialCV_mito_tubeness_3of16,0.0008316802800644447,Cells,RadialDistribution
Cytoplasm_Texture_InverseDifferenceMoment_ER_5_01_256,0.0008313104904326403,Cytoplasm,Texture
Cytoplasm_Texture_Entropy_ER_3_01_256,0.0008310076187470778,Cytoplasm,Texture
Cells_Texture_InfoMeas1_AGP_3_00_256,0.0008309061308682431,Cells,Texture
Cytoplasm_Texture_AngularSecondMoment_ER_5_02_256,0.0008301166907566378,Cytoplasm,Texture
Cytoplasm_RadialDistribution_FracAtD_mito_tubeness_20of20,0.000829448122551964,Cytoplasm,RadialDistribution
Cytoplasm_Texture_Entropy_ER_3_02_256,0.0008290355574769949,Cytoplasm,Texture
Nuclei_Texture_Correlation_ER_3_00_256,0.0008279619861903192,Nuclei,Texture
Cells_Texture_DifferenceEntropy_ER_10_00_256,0.0008273829301859742,Cells,Texture
Cytoplasm_Texture_Variance_ER_10_00_256,0.0008265500482022097,Cytoplasm,Texture
Cytoplasm_Texture_Variance_Mito_5_00_256,0.0008254705810395535,Cytoplasm,Texture
Cells_Texture_InfoMeas2_AGP_3_01_256,0.0008251411347451462,Cells,Texture
Cytoplasm_Texture_SumAverage_RNA_10_01_256,0.0008251349736818676,Cytoplasm,Texture
Cells_Texture_InfoMeas1_ER_10_01_256,0.0008249927332586335,Cells,Texture
Cytoplasm_Texture_Correlation_RNA_5_00_256,0.0008246160122678248,Cytoplasm,Texture
Cells_Correlation_RWC_DNA_AGP,0.000824521907052258,Cells,Correlation
Cells_Texture_Entropy_AGP_5_00_256,0.0008242728405964174,Cells,Texture
Cytoplasm_Texture_InfoMeas1_ER_10_03_256,0.0008234033270777477,Cytoplasm,Texture
Cells_Texture_AngularSecondMoment_AGP_5_02_256,0.0008233848102047757,Cells,Texture
Cytoplasm_Texture_SumVariance_ER_5_03_256,0.0008227543771343854,Cytoplasm,Texture
Nuclei_Texture_InfoMeas2_DNA_5_02_256,0.0008226339297886755,Nuclei,Texture
Nuclei_RadialDistribution_RadialCV_DNA_1of4,0.0008224672023581141,Nuclei,RadialDistribution
Nuclei_Texture_DifferenceVariance_AGP_3_03_256,0.0008220197816600765,Nuclei,Texture
Cells_Texture_InfoMeas2_DNA_5_03_256,0.0008217238476988444,Cells,Texture
Nuclei_Correlation_Correlation_DNA_RNA,0.0008204318026504812,Nuclei,Correlation
Nuclei_Texture_InfoMeas1_AGP_5_01_256,0.000820202339631838,Nuclei,Texture
Cells_Texture_Entropy_ER_10_01_256,0.0008189013939876791,Cells,Texture
Nuclei_AreaShape_Eccentricity,0.000818543432020046,Nuclei,AreaShape
Cytoplasm_AreaShape_MaxFeretDiameter,0.0008184980053634458,Cytoplasm,AreaShape
Cytoplasm_AreaShape_Zernike_3_3,0.0008184061406154797,Cytoplasm,AreaShape
Nuclei_Texture_SumVariance_RNA_3_02_256,0.0008179182950854219,Nuclei,Texture
Cytoplasm_Texture_DifferenceVariance_ER_5_00_256,0.0008178148929489128,Cytoplasm,Texture
Cytoplasm_Texture_DifferenceEntropy_ER_5_00_256,0.0008177916607253012,Cytoplasm,Texture
Nuclei_Texture_DifferenceEntropy_DNA_5_00_256,0.0008175012599246705,Nuclei,Texture
Cytoplasm_Texture_SumAverage_RNA_3_03_256,0.0008174829362620325,Cytoplasm,Texture
Nuclei_Texture_Contrast_DNA_5_01_256,0.0008174179824345629,Nuclei,Texture
Nuclei_Texture_InfoMeas2_AGP_5_01_256,0.0008168703662652531,Nuclei,Texture
Cells_Texture_Contrast_DNA_3_01_256,0.0008167104998337241,Cells,Texture
Cytoplasm_Texture_DifferenceVariance_ER_3_00_256,0.0008164166353630467,Cytoplasm,Texture
Cytoplasm_Texture_AngularSecondMoment_AGP_10_02_256,0.0008162870805634676,Cytoplasm,Texture
Cells_AreaShape_BoundingBoxArea,0.0008158703867463503,Cells,AreaShape
Nuclei_Intensity_MaxIntensity_RNA,0.0008158367768568756,Nuclei,Intensity
Nuclei_Granularity_3_AGP,0.0008154622979158635,Nuclei,Granularity
Cells_Granularity_12_Mito,0.0008147799242104676,Cells,Granularity
Nuclei_Texture_Correlation_Mito_3_02_256,0.0008141331886352938,Nuclei,Texture
Nuclei_Texture_InfoMeas1_Mito_5_03_256,0.0008131557460546901,Nuclei,Texture
Cells_Texture_InverseDifferenceMoment_ER_5_02_256,0.0008131552450400444,Cells,Texture
Cytoplasm_AreaShape_BoundingBoxArea,0.0008130695235377062,Cytoplasm,AreaShape
Cells_RadialDistribution_RadialCV_mito_tubeness_1of16,0.0008127700520177379,Cells,RadialDistribution
Nuclei_Texture_DifferenceVariance_AGP_3_01_256,0.0008123614044546099,Nuclei,Texture
Cells_Texture_DifferenceEntropy_Mito_5_02_256,0.000811877395060167,Cells,Texture
Nuclei_Texture_DifferenceEntropy_AGP_5_03_256,0.0008116263321452217,Nuclei,Texture
Cytoplasm_Texture_InverseDifferenceMoment_AGP_10_01_256,0.0008111881682426818,Cytoplasm,Texture
Nuclei_Texture_Variance_DNA_5_03_256,0.0008111441066778623,Nuclei,Texture
Nuclei_Texture_InfoMeas2_AGP_10_01_256,0.0008110559955827869,Nuclei,Texture
Cells_Texture_Entropy_Mito_10_03_256,0.0008110119067870463,Cells,Texture
Cells_Texture_Correlation_ER_3_03_256,0.0008107318838178149,Cells,Texture
Nuclei_Texture_SumAverage_Mito_10_03_256,0.0008106877906753393,Nuclei,Texture
Nuclei_Texture_Correlation_Mito_5_03_256,0.0008105257152510603,Nuclei,Texture
Nuclei_Texture_InverseDifferenceMoment_RNA_10_02_256,0.0008099868937720853,Nuclei,Texture
Nuclei_Texture_Variance_RNA_5_01_256,0.0008099327577734324,Nuclei,Texture
Nuclei_Texture_SumVariance_RNA_5_02_256,0.0008097827631497369,Nuclei,Texture
Cells_Texture_SumEntropy_ER_10_03_256,0.0008093330291519253,Cells,Texture
Cytoplasm_Texture_SumAverage_RNA_5_01_256,0.0008092249504703172,Cytoplasm,Texture
Cells_AreaShape_MaxFeretDiameter,0.0008089578536658695,Cells,AreaShape
Cells_Texture_InfoMeas2_Mito_5_01_256,0.0008089109597079056,Cells,Texture
Cytoplasm_Texture_SumAverage_RNA_5_02_256,0.0008077132459636362,Cytoplasm,Texture
Cytoplasm_Texture_InfoMeas2_AGP_10_01_256,0.0008076663228959141,Cytoplasm,Texture
Nuclei_Texture_Contrast_DNA_3_01_256,0.0008074387849358442,Nuclei,Texture
Cytoplasm_Intensity_IntegratedIntensity_AGP,0.0008070333830114253,Cytoplasm,Intensity
Cells_RadialDistribution_FracAtD_Mito_1of4,0.0008061384449294045,Cells,RadialDistribution
Nuclei_Texture_DifferenceVariance_AGP_5_02_256,0.0008059249935623874,Nuclei,Texture
Nuclei_Texture_SumVariance_RNA_3_03_256,0.0008058428806231989,Nuclei,Texture
Nuclei_Intensity_MaxIntensity_Mito,0.0008046939722706676,Nuclei,Intensity
Nuclei_AreaShape_Zernike_3_3,0.0008041806483749627,Nuclei,AreaShape
Cells_Texture_Contrast_Mito_10_01_256,0.00080408373076872,Cells,Texture
Nuclei_AreaShape_Perimeter,0.0008039443841568885,Nuclei,AreaShape
Nuclei_Texture_InverseDifferenceMoment_RNA_3_02_256,0.000803896128355908,Nuclei,Texture
Nuclei_AreaShape_Zernike_9_9,0.0008031672122368556,Nuclei,AreaShape
Cytoplasm_Granularity_6_Mito,0.0008028308486141863,Cytoplasm,Granularity
Cytoplasm_Texture_Entropy_AGP_3_01_256,0.0008022801933579363,Cytoplasm,Texture
Cytoplasm_Texture_InverseDifferenceMoment_AGP_3_03_256,0.0008013907500844653,Cytoplasm,Texture
Cytoplasm_Texture_Entropy_RNA_10_03_256,0.000801148562731474,Cytoplasm,Texture
Cytoplasm_Texture_InfoMeas1_ER_10_01_256,0.0008003245049078598,Cytoplasm,Texture
Cells_Texture_InverseDifferenceMoment_AGP_10_00_256,0.0008001552296835663,Cells,Texture
Nuclei_Texture_AngularSecondMoment_RNA_3_03_256,0.0007997905245143296,Nuclei,Texture
Cytoplasm_Texture_Correlation_AGP_5_00_256,0.0007993918186135878,Cytoplasm,Texture
Nuclei_Texture_DifferenceEntropy_Mito_3_02_256,0.0007989510777663002,Nuclei,Texture
Cells_Texture_Entropy_ER_10_03_256,0.0007987356071927415,Cells,Texture
Cells_Texture_DifferenceVariance_DNA_10_01_256,0.000798671785492583,Cells,Texture
Nuclei_Texture_Correlation_Mito_3_03_256,0.0007986256523249072,Nuclei,Texture
Nuclei_Intensity_StdIntensityEdge_AGP,0.0007985172359985882,Nuclei,Intensity
Cytoplasm_Texture_Contrast_Mito_10_03_256,0.0007982366476986564,Cytoplasm,Texture
Cytoplasm_Texture_InfoMeas2_Mito_5_00_256,0.000797807296910053,Cytoplasm,Texture
Cytoplasm_Texture_Variance_RNA_10_03_256,0.0007975892552972904,Cytoplasm,Texture
Nuclei_Texture_InfoMeas1_ER_5_01_256,0.0007968141351849616,Nuclei,Texture
Cytoplasm_Texture_DifferenceEntropy_RNA_5_03_256,0.0007966635991952639,Cytoplasm,Texture
Nuclei_Texture_InfoMeas2_DNA_10_02_256,0.000796246665659055,Nuclei,Texture
Nuclei_Texture_InfoMeas1_ER_10_02_256,0.0007956457459938194,Nuclei,Texture
Nuclei_RadialDistribution_FracAtD_RNA_1of4,0.0007952386085733971,Nuclei,RadialDistribution
Cells_Intensity_StdIntensity_AGP,0.0007949785608421475,Cells,Intensity
Cytoplasm_AreaShape_Perimeter,0.0007946319965159481,Cytoplasm,AreaShape
Cells_Texture_Correlation_RNA_5_00_256,0.0007944228395945174,Cells,Texture
Cells_Texture_AngularSecondMoment_ER_10_01_256,0.0007934904860446425,Cells,Texture
Cells_RadialDistribution_MeanFrac_Mito_1of4,0.0007932035942966259,Cells,RadialDistribution
Nuclei_Texture_Variance_RNA_10_00_256,0.0007924548686423804,Nuclei,Texture
Cytoplasm_Texture_Variance_RNA_10_00_256,0.0007919410533876154,Cytoplasm,Texture
Cytoplasm_Texture_Entropy_AGP_3_02_256,0.0007916713222480862,Cytoplasm,Texture
Cells_Texture_AngularSecondMoment_RNA_3_01_256,0.000791397630101918,Cells,Texture
Cytoplasm_Intensity_MeanIntensityEdge_Mito,0.0007910080988118093,Cytoplasm,Intensity
Cytoplasm_Texture_InfoMeas1_ER_5_01_256,0.0007908174835444827,Cytoplasm,Texture
Cells_Intensity_IntegratedIntensity_ER,0.0007900690245073097,Cells,Intensity
Cytoplasm_Texture_Contrast_Mito_10_00_256,0.0007889755136836486,Cytoplasm,Texture
Cells_Texture_InverseDifferenceMoment_ER_5_03_256,0.0007887296247021628,Cells,Texture
Cells_AreaShape_Zernike_8_4,0.0007879806963007598,Cells,AreaShape
Nuclei_Texture_SumVariance_RNA_3_00_256,0.0007874793417534777,Nuclei,Texture
Cells_Texture_Entropy_ER_3_01_256,0.0007872140197637886,Cells,Texture
Cytoplasm_Texture_InfoMeas2_RNA_3_03_256,0.0007871717899420868,Cytoplasm,Texture
Nuclei_Texture_Contrast_ER_5_01_256,0.0007868814266177132,Nuclei,Texture
Cytoplasm_Texture_InverseDifferenceMoment_AGP_3_01_256,0.000786182480842399,Cytoplasm,Texture
Nuclei_Texture_DifferenceEntropy_AGP_3_03_256,0.0007860474950939534,Nuclei,Texture
Nuclei_Texture_Variance_RNA_10_03_256,0.0007856977015710851,Nuclei,Texture
Cytoplasm_Texture_InfoMeas1_AGP_10_01_256,0.0007852368502374572,Cytoplasm,Texture
Cells_Texture_AngularSecondMoment_AGP_5_00_256,0.000785196626202378,Cells,Texture
Cells_Correlation_RWC_ER_Mito,0.0007835996580251958,Cells,Correlation
Cells_Texture_Correlation_RNA_10_00_256,0.0007835043554973709,Cells,Texture
Cells_Texture_DifferenceVariance_DNA_10_02_256,0.0007801699014627113,Cells,Texture
Nuclei_Texture_InfoMeas1_AGP_5_03_256,0.0007798910394064608,Nuclei,Texture
Cells_Intensity_UpperQuartileIntensity_DNA,0.0007798369200151812,Cells,Intensity
Cytoplasm_AreaShape_BoundingBoxMaximum_X,0.0007798173125203383,Cytoplasm,AreaShape
Cells_Texture_InfoMeas2_Mito_10_02_256,0.0007796550363803232,Cells,Texture
Nuclei_Texture_DifferenceEntropy_AGP_10_01_256,0.0007795232175398528,Nuclei,Texture
Cells_Intensity_LowerQuartileIntensity_Mito,0.0007792744220621119,Cells,Intensity
Cytoplasm_Texture_InfoMeas2_DNA_3_00_256,0.000777707507026467,Cytoplasm,Texture
Cells_Texture_InfoMeas1_RNA_3_02_256,0.0007774204128132364,Cells,Texture
Cells_Granularity_4_RNA,0.0007772814960818713,Cells,Granularity
Cells_Texture_DifferenceVariance_ER_10_02_256,0.0007767253035698169,Cells,Texture
Cytoplasm_Texture_Entropy_AGP_5_00_256,0.0007759110079288283,Cytoplasm,Texture
Cytoplasm_Correlation_RWC_Mito_ER,0.0007756811612729767,Cytoplasm,Correlation
Cytoplasm_AreaShape_Zernike_5_5,0.0007756623679485334,Cytoplasm,AreaShape
Cells_Texture_InfoMeas1_ER_5_01_256,0.0007755758711209637,Cells,Texture
Nuclei_Texture_InfoMeas1_RNA_10_02_256,0.0007754402102468053,Nuclei,Texture
Cytoplasm_Texture_DifferenceVariance_ER_5_02_256,0.0007754054767272984,Cytoplasm,Texture
Cytoplasm_Intensity_StdIntensity_DNA,0.000774575301295824,Cytoplasm,Intensity
Cells_Texture_Entropy_DNA_3_01_256,0.000773870783314773,Cells,Texture
Nuclei_Texture_DifferenceEntropy_Mito_10_03_256,0.0007737734939733595,Nuclei,Texture
Cytoplasm_Texture_Contrast_RNA_10_03_256,0.0007733463256811644,Cytoplasm,Texture
Nuclei_Intensity_MedianIntensity_DNA,0.0007726687265572504,Nuclei,Intensity
Cytoplasm_Intensity_MeanIntensity_DNA,0.000772194467999725,Cytoplasm,Intensity
Cells_Texture_DifferenceVariance_ER_10_01_256,0.0007720278209360134,Cells,Texture
Nuclei_Texture_InverseDifferenceMoment_AGP_3_01_256,0.0007717808943406064,Nuclei,Texture
Cells_Texture_SumEntropy_ER_3_03_256,0.0007708846596610133,Cells,Texture
Nuclei_Intensity_MADIntensity_DNA,0.0007701146124925019,Nuclei,Intensity
Cells_Intensity_MaxIntensityEdge_Mito,0.000769428765756207,Cells,Intensity
Nuclei_Texture_DifferenceEntropy_AGP_3_00_256,0.0007692784970432903,Nuclei,Texture
Cells_Intensity_MaxIntensity_Mito,0.000769227686117152,Cells,Intensity
Nuclei_RadialDistribution_RadialCV_RNA_4of4,0.000768848820763586,Nuclei,RadialDistribution
Cells_Texture_Contrast_AGP_3_00_256,0.0007681405393122987,Cells,Texture
Nuclei_Texture_SumVariance_DNA_3_01_256,0.000768082893103253,Nuclei,Texture
Cells_Texture_AngularSecondMoment_AGP_3_01_256,0.0007676160572529106,Cells,Texture
Cells_Texture_Correlation_AGP_3_01_256,0.0007671235943001063,Cells,Texture
Cells_Texture_AngularSecondMoment_ER_10_03_256,0.0007669182044836426,Cells,Texture
Nuclei_Texture_AngularSecondMoment_RNA_5_00_256,0.0007669167826289985,Nuclei,Texture
Nuclei_Texture_AngularSecondMoment_RNA_5_02_256,0.0007665773251937935,Nuclei,Texture
Cells_Texture_DifferenceVariance_RNA_10_02_256,0.0007659158262997932,Cells,Texture
Cytoplasm_RadialDistribution_RadialCV_Mito_4of4,0.0007657060766086943,Cytoplasm,RadialDistribution
Cytoplasm_Texture_Variance_Mito_5_01_256,0.0007653587663142908,Cytoplasm,Texture
Nuclei_Granularity_12_ER,0.0007653445705597863,Nuclei,Granularity
Cytoplasm_Texture_SumAverage_RNA_3_01_256,0.0007652315455041909,Cytoplasm,Texture
Cytoplasm_RadialDistribution_RadialCV_RNA_3of4,0.0007648228771540744,Cytoplasm,RadialDistribution
Nuclei_Texture_SumVariance_RNA_3_01_256,0.0007641945347372062,Nuclei,Texture
Cytoplasm_Texture_Entropy_AGP_5_02_256,0.0007630094997901843,Cytoplasm,Texture
Cells_Texture_Entropy_DNA_10_01_256,0.0007599957330390745,Cells,Texture
Cells_Texture_Correlation_ER_3_02_256,0.0007593310659467534,Cells,Texture
Cytoplasm_Texture_Contrast_Mito_3_01_256,0.0007591936924654874,Cytoplasm,Texture
Cytoplasm_Intensity_IntegratedIntensityEdge_DNA,0.0007591833111135722,Cytoplasm,Intensity
Cells_AreaShape_Perimeter,0.0007582459878982004,Cells,AreaShape
Cells_Intensity_MassDisplacement_DNA,0.0007579773474338124,Cells,Intensity
Cytoplasm_Texture_InverseDifferenceMoment_RNA_5_03_256,0.0007573245459220094,Cytoplasm,Texture
Nuclei_AreaShape_MajorAxisLength,0.0007569329864989933,Nuclei,AreaShape
Cytoplasm_Texture_InfoMeas1_Mito_3_02_256,0.0007564979873680906,Cytoplasm,Texture
Nuclei_Intensity_MedianIntensity_Mito,0.0007564299444036189,Nuclei,Intensity
Nuclei_Texture_InfoMeas2_Mito_5_01_256,0.0007560459704213177,Nuclei,Texture
Cells_Texture_Contrast_AGP_10_00_256,0.0007556852860579966,Cells,Texture
Nuclei_RadialDistribution_FracAtD_RNA_2of4,0.0007556381074248617,Nuclei,RadialDistribution
Nuclei_Texture_DifferenceEntropy_AGP_10_03_256,0.0007553352192033863,Nuclei,Texture
Nuclei_Texture_SumEntropy_Mito_10_02_256,0.0007543739163639072,Nuclei,Texture
Cells_Texture_Entropy_DNA_5_02_256,0.0007538358024489104,Cells,Texture
Cytoplasm_Granularity_2_AGP,0.0007535627092277407,Cytoplasm,Granularity
Nuclei_Texture_InfoMeas2_RNA_3_03_256,0.0007530270206578799,Nuclei,Texture
Cytoplasm_Texture_InverseDifferenceMoment_AGP_5_00_256,0.0007519052489650286,Cytoplasm,Texture
Cytoplasm_Texture_InfoMeas2_Mito_10_03_256,0.0007516243846267961,Cytoplasm,Texture
Nuclei_Texture_SumVariance_RNA_5_03_256,0.0007513719000939188,Nuclei,Texture
Cells_Texture_InfoMeas1_Mito_5_00_256,0.000751359920395771,Cells,Texture
Nuclei_Texture_SumVariance_RNA_5_00_256,0.0007506194094068113,Nuclei,Texture
Cells_Texture_DifferenceVariance_ER_5_03_256,0.0007506025566752734,Cells,Texture
Cytoplasm_Texture_SumVariance_ER_3_01_256,0.0007502786098452166,Cytoplasm,Texture
Cytoplasm_Texture_Correlation_RNA_5_02_256,0.0007501456774764392,Cytoplasm,Texture
Nuclei_Texture_InfoMeas1_RNA_5_03_256,0.0007498872648219341,Nuclei,Texture
Cytoplasm_Texture_DifferenceVariance_RNA_5_01_256,0.0007488388017632782,Cytoplasm,Texture
Cytoplasm_Texture_InfoMeas1_ER_3_03_256,0.0007475483751185104,Cytoplasm,Texture
Cytoplasm_Texture_DifferenceVariance_RNA_10_01_256,0.000747431779231452,Cytoplasm,Texture
Nuclei_Texture_DifferenceEntropy_Mito_3_03_256,0.0007473149611165094,Nuclei,Texture
Cells_RadialDistribution_MeanFrac_DNA_3of4,0.0007471842144280215,Cells,RadialDistribution
Nuclei_Intensity_LowerQuartileIntensity_DNA,0.0007470646793704613,Nuclei,Intensity
Cells_Texture_InfoMeas2_RNA_10_01_256,0.0007470158597295397,Cells,Texture
Cytoplasm_AreaShape_Zernike_4_0,0.0007454883680111379,Cytoplasm,AreaShape
Cytoplasm_Texture_Contrast_Mito_3_03_256,0.0007452303553392474,Cytoplasm,Texture
Cells_Texture_Entropy_AGP_3_01_256,0.0007444295032408782,Cells,Texture
Cells_Texture_DifferenceEntropy_ER_10_02_256,0.0007442679788151248,Cells,Texture
Cytoplasm_Intensity_IntegratedIntensity_ER,0.0007440329845485394,Cytoplasm,Intensity
Cytoplasm_Texture_DifferenceEntropy_Mito_10_00_256,0.0007434155018563615,Cytoplasm,Texture
Nuclei_Texture_DifferenceEntropy_AGP_5_01_256,0.0007432954153669666,Nuclei,Texture
Cells_Intensity_MaxIntensity_ER,0.0007431694963815971,Cells,Intensity
Cells_Texture_Variance_ER_10_01_256,0.0007426380156773251,Cells,Texture
Cells_Texture_Entropy_DNA_5_03_256,0.0007420106150552133,Cells,Texture
Cytoplasm_Texture_AngularSecondMoment_ER_5_03_256,0.0007415207851473887,Cytoplasm,Texture
Cells_Texture_SumEntropy_Mito_5_03_256,0.0007413677353377222,Cells,Texture
Cytoplasm_Texture_Variance_RNA_10_02_256,0.0007410339235757744,Cytoplasm,Texture
Nuclei_Texture_Entropy_Mito_3_01_256,0.0007409972126177828,Nuclei,Texture
Cells_Texture_DifferenceVariance_ER_5_01_256,0.0007409739973809337,Cells,Texture
Cells_Texture_Entropy_AGP_10_02_256,0.0007407501698863988,Cells,Texture
Cytoplasm_Texture_Entropy_AGP_10_01_256,0.0007405356874733115,Cytoplasm,Texture
Cytoplasm_Texture_SumVariance_ER_3_03_256,0.0007403236779113545,Cytoplasm,Texture
Cells_Texture_Contrast_Mito_3_00_256,0.0007399725144309092,Cells,Texture
Nuclei_Texture_Variance_DNA_5_01_256,0.0007392021473372421,Nuclei,Texture
Cytoplasm_RadialDistribution_FracAtD_mito_tubeness_10of16,0.0007388035337856178,Cytoplasm,RadialDistribution
Cells_Texture_Entropy_ER_3_02_256,0.0007386970393677725,Cells,Texture
Cytoplasm_Texture_Contrast_ER_3_00_256,0.0007382835717514727,Cytoplasm,Texture
Cells_RadialDistribution_RadialCV_DNA_1of4,0.0007380352585395095,Cells,RadialDistribution
Cytoplasm_Granularity_4_AGP,0.0007373370899118267,Cytoplasm,Granularity
Cytoplasm_Texture_Contrast_Mito_5_01_256,0.0007371599666242089,Cytoplasm,Texture
Nuclei_Texture_DifferenceVariance_AGP_3_02_256,0.0007360112980105831,Nuclei,Texture
Cytoplasm_Texture_InfoMeas1_Mito_10_02_256,0.0007358106541817376,Cytoplasm,Texture
Nuclei_Texture_Contrast_ER_10_02_256,0.0007353733088517954,Nuclei,Texture
Cytoplasm_Granularity_1_RNA,0.0007352961606699994,Cytoplasm,Granularity
Nuclei_Texture_DifferenceEntropy_DNA_3_01_256,0.0007348834488272717,Nuclei,Texture
Nuclei_Texture_InfoMeas1_RNA_5_01_256,0.0007347238617616572,Nuclei,Texture
Cytoplasm_RadialDistribution_FracAtD_ER_3of4,0.0007346292664150107,Cytoplasm,RadialDistribution
Cells_Texture_Correlation_ER_5_00_256,0.0007344233202294553,Cells,Texture
Nuclei_Texture_DifferenceEntropy_Mito_5_03_256,0.0007343949472293129,Nuclei,Texture
Nuclei_Texture_Correlation_ER_10_02_256,0.0007343588784507509,Nuclei,Texture
Cytoplasm_Texture_Variance_ER_10_03_256,0.0007342303045567989,Cytoplasm,Texture
Cells_Texture_AngularSecondMoment_RNA_5_00_256,0.0007338586697135595,Cells,Texture
Cells_RadialDistribution_MeanFrac_DNA_1of4,0.0007337944205106136,Cells,RadialDistribution
Cells_Texture_SumEntropy_ER_5_02_256,0.000733637910390306,Cells,Texture
Nuclei_Texture_Correlation_ER_10_03_256,0.000733478769876196,Nuclei,Texture
Nuclei_Texture_SumEntropy_Mito_10_03_256,0.0007334632402255791,Nuclei,Texture
Cells_Texture_InfoMeas2_AGP_5_03_256,0.0007334004462713243,Cells,Texture
Cells_Texture_SumEntropy_ER_3_02_256,0.0007328518643134885,Cells,Texture
Cytoplasm_Texture_Correlation_AGP_3_00_256,0.0007325103678847102,Cytoplasm,Texture
Cells_Texture_Correlation_RNA_3_02_256,0.0007324340149092936,Cells,Texture
Cytoplasm_Texture_DifferenceEntropy_RNA_10_01_256,0.0007322391330204222,Cytoplasm,Texture
Cytoplasm_Texture_AngularSecondMoment_ER_3_03_256,0.0007322059653727462,Cytoplasm,Texture
Cytoplasm_RadialDistribution_FracAtD_mito_tubeness_11of16,0.0007312482354752449,Cytoplasm,RadialDistribution
Cytoplasm_Texture_Entropy_AGP_10_02_256,0.0007304805810960399,Cytoplasm,Texture
Cytoplasm_Texture_Contrast_AGP_10_01_256,0.0007299056761907455,Cytoplasm,Texture
Cytoplasm_Texture_SumAverage_RNA_5_00_256,0.0007296587793514067,Cytoplasm,Texture
Cells_Texture_Correlation_ER_10_00_256,0.000729437622745276,Cells,Texture
Cytoplasm_Texture_Entropy_AGP_3_00_256,0.0007289724863325578,Cytoplasm,Texture
Nuclei_Texture_SumVariance_DNA_3_03_256,0.000728379074325533,Nuclei,Texture
Nuclei_Texture_InfoMeas1_ER_10_00_256,0.0007275521340307022,Nuclei,Texture
Cells_Texture_SumEntropy_DNA_5_03_256,0.000726691094283264,Cells,Texture
Cytoplasm_Intensity_MaxIntensity_Mito,0.0007266564482402568,Cytoplasm,Intensity
Cytoplasm_Texture_DifferenceVariance_ER_3_01_256,0.0007258171906401652,Cytoplasm,Texture
Cells_Texture_SumVariance_ER_3_01_256,0.0007254012000547456,Cells,Texture
Cells_Texture_Contrast_ER_10_00_256,0.0007250245446422404,Cells,Texture
Nuclei_RadialDistribution_MeanFrac_AGP_4of4,0.000724826873218782,Nuclei,RadialDistribution
Cells_Texture_DifferenceEntropy_Mito_3_01_256,0.0007248164396176954,Cells,Texture
Cytoplasm_Texture_InverseDifferenceMoment_RNA_10_01_256,0.0007242698823964539,Cytoplasm,Texture
Cells_Texture_SumVariance_ER_5_00_256,0.000724114364320485,Cells,Texture
Cytoplasm_Texture_Contrast_RNA_10_00_256,0.0007239530639058752,Cytoplasm,Texture
Nuclei_Texture_Entropy_Mito_5_00_256,0.0007235951998778286,Nuclei,Texture
Cells_Texture_SumVariance_ER_5_03_256,0.0007233643979361659,Cells,Texture
Nuclei_Correlation_Correlation_AGP_RNA,0.0007223413513838751,Nuclei,Correlation
Cytoplasm_Texture_DifferenceVariance_RNA_10_02_256,0.0007220725578268425,Cytoplasm,Texture
Cytoplasm_Texture_AngularSecondMoment_ER_5_00_256,0.0007219304637718388,Cytoplasm,Texture
Cells_Intensity_IntegratedIntensity_DNA,0.0007219250068620957,Cells,Intensity
Cytoplasm_Texture_Contrast_Mito_3_02_256,0.0007218819376339524,Cytoplasm,Texture
Cells_Texture_SumEntropy_DNA_5_02_256,0.000721612706535341,Cells,Texture
Cytoplasm_Texture_SumVariance_Mito_5_01_256,0.0007215438130489409,Cytoplasm,Texture
Cytoplasm_Texture_Entropy_AGP_5_01_256,0.0007208061855570642,Cytoplasm,Texture
Cytoplasm_Texture_SumVariance_ER_5_02_256,0.0007207400921405289,Cytoplasm,Texture
Nuclei_Texture_SumEntropy_AGP_10_01_256,0.0007202436021049965,Nuclei,Texture
Cells_Texture_SumEntropy_ER_10_00_256,0.0007197606094447499,Cells,Texture
Cytoplasm_RadialDistribution_MeanFrac_RNA_3of4,0.0007196810581288966,Cytoplasm,RadialDistribution
Nuclei_Texture_Variance_DNA_5_00_256,0.0007195559477154997,Nuclei,Texture
Nuclei_Texture_InfoMeas2_RNA_5_00_256,0.0007188821774030072,Nuclei,Texture
Cytoplasm_Texture_Contrast_Mito_3_00_256,0.0007186860382210268,Cytoplasm,Texture
Cytoplasm_Texture_Variance_RNA_5_03_256,0.0007185437231601099,Cytoplasm,Texture
Cells_Texture_Correlation_AGP_10_02_256,0.0007184040505347054,Cells,Texture
Cytoplasm_Intensity_MaxIntensityEdge_AGP,0.0007180588735686147,Cytoplasm,Intensity
Cytoplasm_Texture_Correlation_AGP_10_03_256,0.0007176607611716333,Cytoplasm,Texture
Cells_Texture_Contrast_DNA_5_02_256,0.0007169125419425525,Cells,Texture
Cytoplasm_Texture_SumVariance_ER_5_00_256,0.0007162989219055557,Cytoplasm,Texture
Cells_Texture_AngularSecondMoment_AGP_10_00_256,0.0007162769605299347,Cells,Texture
Nuclei_Texture_InfoMeas1_RNA_3_01_256,0.0007159988917815748,Nuclei,Texture
Nuclei_Texture_Entropy_Mito_3_03_256,0.0007158880311440693,Nuclei,Texture
Cells_Texture_AngularSecondMoment_AGP_3_03_256,0.0007154579379669355,Cells,Texture
Cells_RadialDistribution_RadialCV_Mito_3of4,0.0007141604229946096,Cells,RadialDistribution
Cells_Texture_Entropy_ER_10_02_256,0.0007140402448892149,Cells,Texture
Cells_Texture_Correlation_RNA_10_02_256,0.0007135326014862845,Cells,Texture
Cells_Texture_DifferenceVariance_RNA_5_02_256,0.000713525411781047,Cells,Texture
Nuclei_Texture_InfoMeas2_RNA_5_02_256,0.0007121060056124406,Nuclei,Texture
Cells_Texture_SumEntropy_ER_10_01_256,0.0007104920343096767,Cells,Texture
Cells_Texture_Entropy_DNA_10_02_256,0.0007102237441982392,Cells,Texture
Cells_Granularity_1_Mito,0.0007099187662944522,Cells,Granularity
Nuclei_Texture_InfoMeas1_DNA_3_00_256,0.0007094113588534258,Nuclei,Texture
Cytoplasm_Texture_InfoMeas1_AGP_3_01_256,0.0007093858390310613,Cytoplasm,Texture
Cells_Texture_Correlation_ER_3_00_256,0.0007085376472442866,Cells,Texture
Cytoplasm_Texture_Correlation_RNA_5_03_256,0.0007078501610101284,Cytoplasm,Texture
Nuclei_Texture_Entropy_Mito_5_01_256,0.0007075794759241814,Nuclei,Texture
Nuclei_Texture_Entropy_Mito_5_03_256,0.0007072914086880441,Nuclei,Texture
Nuclei_Texture_InfoMeas1_ER_10_01_256,0.0007072514969799418,Nuclei,Texture
Cells_Texture_DifferenceEntropy_Mito_5_00_256,0.0007068518282903824,Cells,Texture
Cytoplasm_Intensity_StdIntensity_ER,0.0007067538016708294,Cytoplasm,Intensity
Nuclei_Texture_SumVariance_DNA_3_00_256,0.0007061403441236638,Nuclei,Texture
Cytoplasm_Granularity_2_ER,0.000705399808531573,Cytoplasm,Granularity
Nuclei_AreaShape_Zernike_5_3,0.0007048382549991012,Nuclei,AreaShape
Nuclei_Texture_AngularSecondMoment_RNA_10_01_256,0.0007046184839236958,Nuclei,Texture
Cytoplasm_Texture_SumAverage_RNA_10_00_256,0.0007044003637949052,Cytoplasm,Texture
Cytoplasm_Texture_Contrast_AGP_3_01_256,0.0007042120950583402,Cytoplasm,Texture
Cytoplasm_Granularity_3_ER,0.0007039562143648124,Cytoplasm,Granularity
Cytoplasm_Texture_Entropy_AGP_5_03_256,0.0007033492425086609,Cytoplasm,Texture
Cytoplasm_Texture_Entropy_RNA_5_02_256,0.0007017526124192435,Cytoplasm,Texture
Cells_Texture_Correlation_AGP_3_03_256,0.0007005813204965047,Cells,Texture
Nuclei_Texture_SumEntropy_Mito_10_00_256,0.0006997159227739758,Nuclei,Texture
Cells_Texture_Entropy_AGP_5_01_256,0.0006993950064913536,Cells,Texture
Cells_Texture_Contrast_DNA_3_00_256,0.0006993738020383943,Cells,Texture
Cells_Texture_InfoMeas2_AGP_10_02_256,0.0006982578545284923,Cells,Texture
Cells_Intensity_StdIntensity_Mito,0.0006972201283081502,Cells,Intensity
Cytoplasm_Texture_SumAverage_RNA_3_00_256,0.0006968315396235474,Cytoplasm,Texture
Cells_Texture_Contrast_AGP_10_01_256,0.0006960090928558721,Cells,Texture
Cytoplasm_Texture_Entropy_AGP_3_03_256,0.0006956546939279308,Cytoplasm,Texture
Cytoplasm_Texture_InfoMeas1_Mito_10_01_256,0.0006955967360915695,Cytoplasm,Texture
Cytoplasm_Texture_SumAverage_RNA_3_02_256,0.0006949471559034594,Cytoplasm,Texture
Cells_Texture_SumAverage_AGP_10_01_256,0.0006947215353050394,Cells,Texture
Cells_Texture_SumVariance_AGP_10_00_256,0.0006947003638483044,Cells,Texture
Cells_Texture_Variance_Mito_3_03_256,0.0006943927338660874,Cells,Texture
Cytoplasm_RadialDistribution_MeanFrac_mito_tubeness_13of16,0.0006934581525534408,Cytoplasm,RadialDistribution
Cytoplasm_Texture_AngularSecondMoment_ER_3_00_256,0.0006933078020171836,Cytoplasm,Texture
Nuclei_AreaShape_Zernike_6_6,0.0006931145460105524,Nuclei,AreaShape
Nuclei_Texture_DifferenceVariance_AGP_10_03_256,0.000692116772960227,Nuclei,Texture
Nuclei_Texture_AngularSecondMoment_RNA_5_03_256,0.000692089328929017,Nuclei,Texture
Cells_Texture_InverseDifferenceMoment_ER_3_02_256,0.0006917149305237606,Cells,Texture
Nuclei_RadialDistribution_RadialCV_DNA_4of4,0.0006908419543274898,Nuclei,RadialDistribution
Cytoplasm_Texture_Variance_Mito_10_03_256,0.000690782269373033,Cytoplasm,Texture
Cells_Texture_AngularSecondMoment_RNA_10_03_256,0.0006905488877459577,Cells,Texture
Nuclei_Texture_InfoMeas2_RNA_10_03_256,0.0006903694089032796,Nuclei,Texture
Cells_Intensity_IntegratedIntensityEdge_AGP,0.0006902140570517596,Cells,Intensity
Nuclei_Texture_SumVariance_RNA_10_00_256,0.0006901941691743169,Nuclei,Texture
Cytoplasm_Texture_DifferenceVariance_RNA_5_03_256,0.0006900499592318608,Cytoplasm,Texture
Cytoplasm_Granularity_8_DNA,0.0006900462829954839,Cytoplasm,Granularity
Nuclei_Texture_InverseDifferenceMoment_RNA_5_02_256,0.0006897674651164769,Nuclei,Texture
Cytoplasm_Texture_Entropy_RNA_5_00_256,0.0006897381058557325,Cytoplasm,Texture
Nuclei_Texture_Entropy_Mito_5_02_256,0.0006893121072789654,Nuclei,Texture
Nuclei_Granularity_10_DNA,0.0006881744951786979,Nuclei,Granularity
Cells_Texture_InfoMeas2_Mito_5_02_256,0.0006869970778123908,Cells,Texture
Nuclei_Texture_InverseDifferenceMoment_RNA_10_00_256,0.0006869942094635917,Nuclei,Texture
Cells_Texture_SumVariance_Mito_3_03_256,0.0006863036274301391,Cells,Texture
Cytoplasm_Correlation_RWC_ER_Mito,0.0006862232259352043,Cytoplasm,Correlation
Cells_Texture_Variance_Mito_3_01_256,0.0006859569647271461,Cells,Texture
Cytoplasm_Texture_InfoMeas2_Mito_10_02_256,0.0006853760668725174,Cytoplasm,Texture
Cells_Texture_SumEntropy_ER_10_02_256,0.00068490667665677,Cells,Texture
Nuclei_Texture_SumAverage_Mito_10_01_256,0.0006845552571524292,Nuclei,Texture
Cells_Texture_SumVariance_ER_3_00_256,0.0006839536020038395,Cells,Texture
Cells_Texture_Correlation_AGP_10_00_256,0.0006838573977178645,Cells,Texture
Cytoplasm_Texture_DifferenceEntropy_RNA_5_01_256,0.000683767642663692,Cytoplasm,Texture
Nuclei_Texture_InfoMeas1_AGP_10_02_256,0.0006833839889752978,Nuclei,Texture
Nuclei_Granularity_4_DNA,0.0006833386211500121,Nuclei,Granularity
Nuclei_Texture_SumVariance_RNA_5_01_256,0.0006831169150837013,Nuclei,Texture
Cells_Texture_SumVariance_ER_5_02_256,0.0006828368738674076,Cells,Texture
Cytoplasm_Texture_Contrast_AGP_3_00_256,0.0006826900470319482,Cytoplasm,Texture
Cells_Texture_SumVariance_ER_3_03_256,0.0006823832851348146,Cells,Texture
Nuclei_Texture_DifferenceVariance_RNA_3_02_256,0.0006819097097988041,Nuclei,Texture
Cells_RadialDistribution_RadialCV_mito_tubeness_17of20,0.0006813023404850225,Cells,RadialDistribution
Nuclei_Correlation_K_RNA_ER,0.0006811184218713606,Nuclei,Correlation
Nuclei_Texture_InfoMeas2_AGP_10_00_256,0.0006808029245335741,Nuclei,Texture
Cells_Texture_DifferenceEntropy_ER_5_00_256,0.0006806212648439214,Cells,Texture
Cells_Texture_Entropy_DNA_5_01_256,0.0006797383697214952,Cells,Texture
Nuclei_Texture_Contrast_RNA_10_01_256,0.0006794145154942401,Nuclei,Texture
Cells_Texture_SumVariance_ER_10_01_256,0.000679391034597724,Cells,Texture
Nuclei_RadialDistribution_RadialCV_RNA_3of4,0.0006788563470399822,Nuclei,RadialDistribution
Nuclei_Texture_Entropy_Mito_3_02_256,0.000677611737654453,Nuclei,Texture
Nuclei_Texture_DifferenceEntropy_ER_3_02_256,0.0006775200269640079,Nuclei,Texture
Cells_Texture_InverseDifferenceMoment_AGP_3_03_256,0.0006774927370185781,Cells,Texture
Nuclei_Texture_DifferenceEntropy_Mito_5_00_256,0.0006774069268742876,Nuclei,Texture
Nuclei_Texture_SumEntropy_Mito_10_01_256,0.0006773700975463725,Nuclei,Texture
Cells_Intensity_MedianIntensity_Mito,0.0006770806456766617,Cells,Intensity
Cells_RadialDistribution_FracAtD_RNA_4of4,0.0006767093422084664,Cells,RadialDistribution
Cytoplasm_Texture_Entropy_RNA_10_02_256,0.000676661379410299,Cytoplasm,Texture
Cells_Texture_Contrast_RNA_3_01_256,0.000676126701564499,Cells,Texture
Cytoplasm_Texture_InfoMeas1_AGP_10_03_256,0.0006760158212845064,Cytoplasm,Texture
Cytoplasm_Texture_SumVariance_RNA_10_03_256,0.0006759559414435249,Cytoplasm,Texture
Nuclei_Texture_Correlation_RNA_10_02_256,0.0006757316592347707,Nuclei,Texture
Nuclei_Texture_InverseDifferenceMoment_RNA_10_03_256,0.0006756583010454571,Nuclei,Texture
Cells_Texture_InverseDifferenceMoment_ER_10_03_256,0.0006744826932780207,Cells,Texture
Nuclei_Texture_InfoMeas2_DNA_5_00_256,0.0006726417133307093,Nuclei,Texture
Cells_Texture_SumVariance_ER_5_01_256,0.0006723476436525187,Cells,Texture
Cells_Texture_SumVariance_AGP_10_01_256,0.0006716096090115441,Cells,Texture
Cells_Texture_Correlation_AGP_5_03_256,0.0006710625913755004,Cells,Texture
Cells_Texture_SumEntropy_ER_3_01_256,0.000670799844857746,Cells,Texture
Cells_AreaShape_BoundingBoxMaximum_X,0.0006701658056733452,Cells,AreaShape
Cells_Texture_Entropy_AGP_5_03_256,0.0006701161910424552,Cells,Texture
Nuclei_Texture_AngularSecondMoment_RNA_5_01_256,0.0006698101186845763,Nuclei,Texture
Cells_Texture_Correlation_ER_10_02_256,0.0006696566820340064,Cells,Texture
Cells_Texture_AngularSecondMoment_AGP_10_02_256,0.0006690700150258116,Cells,Texture
Cells_Texture_AngularSecondMoment_AGP_3_02_256,0.0006690063393606189,Cells,Texture
Cells_Texture_SumVariance_ER_3_02_256,0.0006685996928477574,Cells,Texture
Nuclei_Texture_SumAverage_RNA_10_00_256,0.0006677181278532122,Nuclei,Texture
Nuclei_Texture_DifferenceVariance_DNA_10_03_256,0.0006676593596167939,Nuclei,Texture
Cells_Texture_Variance_ER_10_03_256,0.0006675693076405358,Cells,Texture
Cells_Texture_SumEntropy_ER_5_01_256,0.0006675543778510473,Cells,Texture
Cytoplasm_Texture_Variance_Mito_3_01_256,0.0006666671170887639,Cytoplasm,Texture
Cytoplasm_Texture_Variance_Mito_3_00_256,0.0006665975828127557,Cytoplasm,Texture
Cells_RadialDistribution_RadialCV_RNA_2of4,0.0006662763320572043,Cells,RadialDistribution
Cytoplasm_Texture_Contrast_Mito_5_00_256,0.0006650854958732972,Cytoplasm,Texture
Cytoplasm_Texture_Entropy_RNA_3_01_256,0.0006647624011589772,Cytoplasm,Texture
Cells_Texture_InfoMeas1_AGP_10_02_256,0.0006643688286372448,Cells,Texture
Cytoplasm_Texture_Contrast_DNA_5_01_256,0.0006642598068473099,Cytoplasm,Texture
Cytoplasm_AreaShape_MajorAxisLength,0.0006634204300852226,Cytoplasm,AreaShape
Cells_AreaShape_MedianRadius,0.0006633404901341626,Cells,AreaShape
Cytoplasm_AreaShape_EulerNumber,0.0006630457201085197,Cytoplasm,AreaShape
Nuclei_RadialDistribution_FracAtD_ER_2of4,0.0006629377100995271,Nuclei,RadialDistribution
Cells_Texture_Entropy_AGP_3_03_256,0.0006628798637871114,Cells,Texture
Cytoplasm_Granularity_3_AGP,0.0006627792972215373,Cytoplasm,Granularity
Cells_Texture_Entropy_Mito_10_02_256,0.0006625665699760118,Cells,Texture
Cells_Texture_Variance_Mito_5_00_256,0.0006619281704096075,Cells,Texture
Nuclei_Texture_Variance_RNA_10_01_256,0.0006617307395559432,Nuclei,Texture
Nuclei_Texture_InfoMeas1_DNA_10_00_256,0.0006602500742870429,Nuclei,Texture
Cytoplasm_Texture_Variance_AGP_5_03_256,0.0006594388542940318,Cytoplasm,Texture
Cells_Texture_DifferenceVariance_RNA_3_02_256,0.0006590552093069034,Cells,Texture
Nuclei_Texture_InfoMeas2_RNA_10_01_256,0.0006584961305559643,Nuclei,Texture
Cells_Texture_DifferenceVariance_ER_10_03_256,0.0006579182037369589,Cells,Texture
Cells_Texture_Variance_Mito_3_02_256,0.0006570671184973825,Cells,Texture
Cells_Texture_Entropy_AGP_5_02_256,0.0006557528918580958,Cells,Texture
Nuclei_RadialDistribution_FracAtD_AGP_4of4,0.0006554443149616418,Nuclei,RadialDistribution
Cytoplasm_Texture_Variance_Mito_3_02_256,0.0006553023239562857,Cytoplasm,Texture
Nuclei_Texture_SumAverage_RNA_5_01_256,0.0006549178866173731,Nuclei,Texture
Cells_Texture_Variance_Mito_3_00_256,0.0006548146699541186,Cells,Texture
Nuclei_Intensity_MaxIntensityEdge_DNA,0.000654577039479461,Nuclei,Intensity
Cytoplasm_Intensity_MassDisplacement_Mito,0.000653994760707844,Cytoplasm,Intensity
Cells_Texture_Entropy_Mito_10_01_256,0.0006538809829310464,Cells,Texture
Cells_Texture_AngularSecondMoment_RNA_10_00_256,0.0006538078679477621,Cells,Texture
Cells_Texture_InverseDifferenceMoment_AGP_10_03_256,0.0006536601828370943,Cells,Texture
Cells_Texture_Contrast_ER_10_03_256,0.0006531846414223505,Cells,Texture
Nuclei_Texture_Correlation_ER_10_01_256,0.0006529920204044564,Nuclei,Texture
Cells_Intensity_IntegratedIntensity_RNA,0.0006528706788198438,Cells,Intensity
Cytoplasm_Texture_SumVariance_AGP_10_02_256,0.0006524623629905233,Cytoplasm,Texture
Nuclei_Texture_SumVariance_RNA_10_02_256,0.0006520475433353567,Nuclei,Texture
Nuclei_Texture_InverseDifferenceMoment_Mito_10_00_256,0.000651910660366996,Nuclei,Texture
Cytoplasm_Texture_Correlation_RNA_10_02_256,0.0006509971151009657,Cytoplasm,Texture
Cells_Granularity_10_DNA,0.0006505645284076828,Cells,Granularity
Cytoplasm_Texture_DifferenceEntropy_RNA_5_02_256,0.0006505583337483195,Cytoplasm,Texture
Cytoplasm_Texture_InverseDifferenceMoment_ER_5_00_256,0.0006499355410583771,Cytoplasm,Texture
Nuclei_Texture_InfoMeas2_Mito_5_03_256,0.0006479633422506075,Nuclei,Texture
Cells_AreaShape_MajorAxisLength,0.0006477820368386996,Cells,AreaShape
Nuclei_Texture_InverseDifferenceMoment_RNA_5_03_256,0.0006476821929287065,Nuclei,Texture
Cytoplasm_Texture_Contrast_ER_5_00_256,0.0006471980358453168,Cytoplasm,Texture
Cells_Texture_DifferenceEntropy_ER_5_03_256,0.0006471548579351553,Cells,Texture
Nuclei_Texture_Entropy_Mito_3_00_256,0.0006463641272934443,Nuclei,Texture
Cells_Texture_SumVariance_AGP_5_03_256,0.0006462698306397994,Cells,Texture
Cytoplasm_Texture_InfoMeas2_RNA_3_01_256,0.0006454642517331065,Cytoplasm,Texture
Nuclei_Texture_DifferenceEntropy_ER_3_00_256,0.0006453479733889773,Nuclei,Texture
Cells_Texture_SumVariance_AGP_5_02_256,0.0006446682230957127,Cells,Texture
Cytoplasm_Texture_AngularSecondMoment_ER_5_01_256,0.000643455729373922,Cytoplasm,Texture
Cytoplasm_Texture_SumVariance_RNA_10_02_256,0.0006426813200128631,Cytoplasm,Texture
Nuclei_Texture_InverseDifferenceMoment_Mito_5_02_256,0.0006424178794493076,Nuclei,Texture
Cells_Texture_DifferenceVariance_RNA_5_01_256,0.0006421973426235386,Cells,Texture
Cells_Texture_SumVariance_ER_10_00_256,0.0006420206575785414,Cells,Texture
Nuclei_Texture_DifferenceVariance_RNA_5_02_256,0.0006416249837437655,Nuclei,Texture
Cells_Texture_AngularSecondMoment_RNA_5_01_256,0.0006415255836483473,Cells,Texture
Cytoplasm_Texture_Correlation_AGP_3_03_256,0.0006408866433749998,Cytoplasm,Texture
Cytoplasm_Texture_DifferenceVariance_RNA_5_02_256,0.0006408249760417156,Cytoplasm,Texture
Cytoplasm_Texture_Contrast_RNA_3_02_256,0.0006401990636680109,Cytoplasm,Texture
Cells_Texture_DifferenceVariance_RNA_5_03_256,0.0006400656630700854,Cells,Texture
Cells_RadialDistribution_RadialCV_mito_tubeness_2of16,0.0006399154460872784,Cells,RadialDistribution
Cells_Texture_SumVariance_Mito_3_02_256,0.0006393560013293609,Cells,Texture
Cytoplasm_Texture_DifferenceEntropy_Mito_5_01_256,0.0006392777484305563,Cytoplasm,Texture
Nuclei_Texture_InfoMeas2_DNA_5_01_256,0.0006389140443895616,Nuclei,Texture
Nuclei_Texture_DifferenceEntropy_ER_5_02_256,0.0006387406861319635,Nuclei,Texture
Cells_Texture_SumEntropy_DNA_10_01_256,0.0006386846579958469,Cells,Texture
Nuclei_Intensity_MinIntensityEdge_AGP,0.0006384509984984886,Nuclei,Intensity
Nuclei_Texture_Entropy_Mito_10_03_256,0.0006372734179993651,Nuclei,Texture
Cells_RadialDistribution_RadialCV_RNA_4of4,0.0006370053207344231,Cells,RadialDistribution
Cytoplasm_Texture_DifferenceEntropy_Mito_5_03_256,0.0006367369774527885,Cytoplasm,Texture
Cells_Texture_InverseDifferenceMoment_AGP_10_02_256,0.00063578444623155,Cells,Texture
Nuclei_Texture_Correlation_RNA_5_01_256,0.0006357280812095008,Nuclei,Texture
Nuclei_Texture_Contrast_DNA_5_02_256,0.0006354512372812288,Nuclei,Texture
Cytoplasm_Texture_SumVariance_Mito_10_03_256,0.0006345204137869587,Cytoplasm,Texture
Nuclei_AreaShape_Zernike_8_2,0.0006342781353357298,Nuclei,AreaShape
Cytoplasm_Texture_SumVariance_ER_10_00_256,0.0006342569546710106,Cytoplasm,Texture
Cells_Texture_Contrast_AGP_10_03_256,0.0006341234292891126,Cells,Texture
Cytoplasm_Texture_InfoMeas1_AGP_10_00_256,0.0006340495842700226,Cytoplasm,Texture
Cytoplasm_Texture_DifferenceEntropy_Mito_5_00_256,0.0006339893008609059,Cytoplasm,Texture
Nuclei_AreaShape_Zernike_4_2,0.0006330558983938772,Nuclei,AreaShape
Nuclei_Texture_DifferenceEntropy_ER_3_03_256,0.00063271464810636,Nuclei,Texture
Nuclei_Texture_SumAverage_RNA_3_03_256,0.0006326581341064801,Nuclei,Texture
Cytoplasm_Texture_Entropy_RNA_5_01_256,0.0006325626361649483,Cytoplasm,Texture
Cytoplasm_Texture_InfoMeas2_RNA_3_02_256,0.0006320677018499867,Cytoplasm,Texture
Cells_Texture_SumVariance_AGP_5_01_256,0.0006306638369031654,Cells,Texture
Cytoplasm_RadialDistribution_FracAtD_RNA_3of4,0.0006305919249539978,Cytoplasm,RadialDistribution
Nuclei_Texture_Contrast_ER_5_02_256,0.0006303856965795213,Nuclei,Texture
Cells_Texture_Contrast_ER_10_01_256,0.000630236481912131,Cells,Texture
Cytoplasm_Intensity_StdIntensity_AGP,0.0006288747148028051,Cytoplasm,Intensity
Cells_Texture_DifferenceVariance_ER_5_00_256,0.0006280219393244936,Cells,Texture
Nuclei_Texture_InverseDifferenceMoment_RNA_5_01_256,0.00062765781752075,Nuclei,Texture
Nuclei_Texture_InfoMeas2_DNA_3_03_256,0.0006276557357614366,Nuclei,Texture
Nuclei_Texture_DifferenceEntropy_Mito_5_02_256,0.0006271325457834922,Nuclei,Texture
Nuclei_Texture_Entropy_Mito_10_02_256,0.0006270835812444732,Nuclei,Texture
Cells_Texture_InfoMeas2_RNA_3_03_256,0.0006268340073639982,Cells,Texture
Cells_Texture_AngularSecondMoment_AGP_3_00_256,0.0006266887720208355,Cells,Texture
Cells_RadialDistribution_FracAtD_mito_tubeness_6of16,0.0006262823134342658,Cells,RadialDistribution
Nuclei_RadialDistribution_FracAtD_ER_1of4,0.0006256479041102076,Nuclei,RadialDistribution
Cytoplasm_Texture_AngularSecondMoment_ER_10_02_256,0.0006255742111014635,Cytoplasm,Texture
Nuclei_Texture_InverseDifferenceMoment_RNA_3_00_256,0.0006250859560272407,Nuclei,Texture
Cytoplasm_RadialDistribution_MeanFrac_mito_tubeness_16of20,0.0006239211079173401,Cytoplasm,RadialDistribution
Cytoplasm_Correlation_Correlation_DNA_Mito,0.0006238622644665221,Cytoplasm,Correlation
Nuclei_Texture_InfoMeas1_RNA_10_01_256,0.0006231784984603499,Nuclei,Texture
Cells_Texture_SumEntropy_DNA_5_01_256,0.0006225874336155357,Cells,Texture
Cells_Texture_Variance_ER_10_00_256,0.0006224518121088554,Cells,Texture
Cells_Texture_InfoMeas1_AGP_5_00_256,0.0006223164845791221,Cells,Texture
Cells_Texture_SumEntropy_ER_3_00_256,0.0006218281397468672,Cells,Texture
Cytoplasm_Texture_InfoMeas2_Mito_10_01_256,0.0006202553452255545,Cytoplasm,Texture
Cells_Intensity_MaxIntensityEdge_DNA,0.0006201423025952733,Cells,Intensity
Cytoplasm_Texture_Entropy_RNA_3_03_256,0.0006194725918599683,Cytoplasm,Texture
Cells_Intensity_IntegratedIntensityEdge_Mito,0.0006192161332994926,Cells,Intensity
Cytoplasm_Texture_Variance_AGP_5_02_256,0.0006190357808406232,Cytoplasm,Texture
Cytoplasm_Texture_SumEntropy_RNA_3_00_256,0.0006189663388837679,Cytoplasm,Texture
Cytoplasm_Texture_Variance_AGP_10_01_256,0.0006185089118220536,Cytoplasm,Texture
Cytoplasm_Texture_Correlation_AGP_10_02_256,0.0006184556794500753,Cytoplasm,Texture
Nuclei_Texture_InfoMeas1_DNA_3_01_256,0.0006183191243391256,Nuclei,Texture
Nuclei_Intensity_MaxIntensityEdge_AGP,0.0006181507913970563,Nuclei,Intensity
Nuclei_Texture_InverseDifferenceMoment_Mito_5_03_256,0.0006172770089324331,Nuclei,Texture
Cells_Texture_DifferenceVariance_ER_3_01_256,0.000616381527185175,Cells,Texture
Nuclei_Granularity_4_RNA,0.0006153005446347899,Nuclei,Granularity
Cells_Texture_InfoMeas1_AGP_5_01_256,0.0006146764628913713,Cells,Texture
Cytoplasm_Texture_AngularSecondMoment_ER_10_00_256,0.000614429707819519,Cytoplasm,Texture
Cytoplasm_Texture_SumVariance_Mito_5_03_256,0.0006142756325516529,Cytoplasm,Texture
Cytoplasm_Texture_Contrast_RNA_5_03_256,0.000614109023445053,Cytoplasm,Texture
Cytoplasm_Intensity_MaxIntensity_RNA,0.0006140504667843873,Cytoplasm,Intensity
Cells_Texture_SumVariance_ER_10_02_256,0.0006124387999856091,Cells,Texture
Cytoplasm_Texture_InfoMeas2_AGP_5_01_256,0.0006123574391416956,Cytoplasm,Texture
Cytoplasm_Correlation_K_Mito_DNA,0.0006121072978307244,Cytoplasm,Correlation
Cytoplasm_Texture_DifferenceEntropy_RNA_3_03_256,0.0006105758213042074,Cytoplasm,Texture
Nuclei_Texture_Contrast_ER_5_03_256,0.0006094145430220774,Nuclei,Texture
Nuclei_Texture_InverseDifferenceMoment_RNA_3_03_256,0.0006091709560165068,Nuclei,Texture
Cells_Texture_InfoMeas2_Mito_3_03_256,0.0006083938012514928,Cells,Texture
Cytoplasm_AreaShape_Center_Y,0.0006080202213472927,Cytoplasm,AreaShape
Cytoplasm_Texture_DifferenceEntropy_RNA_10_03_256,0.0006077108578717473,Cytoplasm,Texture
Nuclei_Texture_InfoMeas2_RNA_10_00_256,0.0006076080923022736,Nuclei,Texture
Cytoplasm_Texture_DifferenceEntropy_Mito_3_02_256,0.0006064894407326652,Cytoplasm,Texture
Nuclei_Texture_SumVariance_RNA_10_01_256,0.0006063915228664233,Nuclei,Texture
Cytoplasm_Texture_DifferenceEntropy_AGP_5_01_256,0.0006062241269579057,Cytoplasm,Texture
Cytoplasm_Texture_InverseDifferenceMoment_AGP_3_02_256,0.0006061429728021851,Cytoplasm,Texture
Cells_Texture_Contrast_Mito_3_02_256,0.0006060854374910767,Cells,Texture
Cells_Texture_DifferenceEntropy_AGP_10_02_256,0.0006059465465090495,Cells,Texture
Cells_Texture_Contrast_Mito_3_01_256,0.0006054953585823698,Cells,Texture
Cytoplasm_RadialDistribution_MeanFrac_ER_2of4,0.0006054156962480712,Cytoplasm,RadialDistribution
Cytoplasm_Texture_InfoMeas1_Mito_10_00_256,0.0006051483738234051,Cytoplasm,Texture
Nuclei_Texture_InfoMeas1_Mito_10_02_256,0.0006051161157581321,Nuclei,Texture
Cells_Granularity_3_AGP,0.0006050668894204136,Cells,Granularity
Nuclei_Texture_DifferenceEntropy_Mito_3_01_256,0.0006050356386432603,Nuclei,Texture
Cells_Texture_Variance_ER_5_01_256,0.000605031815941207,Cells,Texture
Cytoplasm_Texture_AngularSecondMoment_AGP_10_01_256,0.0006049243226542395,Cytoplasm,Texture
Cytoplasm_Texture_Contrast_RNA_3_03_256,0.0006049019782143919,Cytoplasm,Texture
Cells_Texture_InfoMeas1_ER_5_00_256,0.0006047165484882758,Cells,Texture
Cytoplasm_Texture_Variance_AGP_3_03_256,0.0006042823071415374,Cytoplasm,Texture
Nuclei_Texture_SumVariance_RNA_10_03_256,0.0006035627275780696,Nuclei,Texture
Nuclei_Texture_InverseDifferenceMoment_Mito_10_03_256,0.0006030748015109566,Nuclei,Texture
Cytoplasm_Texture_Variance_Mito_5_03_256,0.0006029632163751687,Cytoplasm,Texture
Nuclei_Texture_DifferenceEntropy_Mito_10_01_256,0.0006011926317296457,Nuclei,Texture
Cytoplasm_Texture_Contrast_RNA_5_01_256,0.0006002900461966679,Cytoplasm,Texture
Cells_Texture_Contrast_ER_5_01_256,0.0006000351313975573,Cells,Texture
Nuclei_Texture_AngularSecondMoment_RNA_10_00_256,0.000599469783501263,Nuclei,Texture
Cells_Texture_Contrast_RNA_3_00_256,0.0005992351048969015,Cells,Texture
Cells_Texture_Variance_ER_3_01_256,0.0005976295245084528,Cells,Texture
Nuclei_Correlation_K_ER_RNA,0.0005967556345551981,Nuclei,Correlation
Nuclei_Texture_InfoMeas2_RNA_3_01_256,0.000596414572626957,Nuclei,Texture
Cytoplasm_RadialDistribution_MeanFrac_RNA_1of4,0.0005953377794451496,Cytoplasm,RadialDistribution
Cells_Texture_SumEntropy_ER_5_03_256,0.0005948662720532281,Cells,Texture
Nuclei_Intensity_MaxIntensity_ER,0.0005948096011343296,Nuclei,Intensity
Cytoplasm_Texture_DifferenceVariance_RNA_10_03_256,0.0005945601164161677,Cytoplasm,Texture
Cytoplasm_Intensity_MaxIntensityEdge_RNA,0.0005944672150917541,Cytoplasm,Intensity
Cells_Texture_InfoMeas2_ER_10_01_256,0.0005942128182102481,Cells,Texture
Cells_Texture_Variance_RNA_10_01_256,0.000593332799808195,Cells,Texture
Cytoplasm_Texture_SumEntropy_RNA_3_02_256,0.0005931983059469661,Cytoplasm,Texture
Cells_Texture_Variance_RNA_5_01_256,0.0005914226076272046,Cells,Texture
Cytoplasm_Texture_DifferenceEntropy_Mito_5_02_256,0.0005911170192415024,Cytoplasm,Texture
Nuclei_Texture_InfoMeas2_RNA_10_02_256,0.0005909637154919827,Nuclei,Texture
Cells_Texture_SumAverage_RNA_3_02_256,0.000590611089586933,Cells,Texture
Cells_Texture_Correlation_ER_5_01_256,0.0005901185778462344,Cells,Texture
Cytoplasm_Texture_Correlation_AGP_10_00_256,0.0005897132585193633,Cytoplasm,Texture
Nuclei_Texture_Contrast_DNA_10_02_256,0.0005882264668935022,Nuclei,Texture
Nuclei_Intensity_MeanIntensityEdge_Mito,0.0005875926411018944,Nuclei,Intensity
Cytoplasm_Texture_InfoMeas1_ER_3_00_256,0.0005875654714067683,Cytoplasm,Texture
Cytoplasm_Texture_Entropy_Mito_10_01_256,0.0005868870870524136,Cytoplasm,Texture
Cells_Texture_Variance_Mito_5_01_256,0.0005866722849948149,Cells,Texture
Nuclei_Granularity_5_RNA,0.0005857459991239012,Nuclei,Granularity
Cytoplasm_Texture_Contrast_AGP_5_00_256,0.0005856248617945832,Cytoplasm,Texture
Cells_RadialDistribution_RadialCV_mito_tubeness_4of20,0.000585301258773906,Cells,RadialDistribution
Nuclei_Texture_InverseDifferenceMoment_Mito_10_01_256,0.0005844577553615896,Nuclei,Texture
Cytoplasm_Texture_DifferenceVariance_AGP_10_02_256,0.0005833479555959846,Cytoplasm,Texture
Nuclei_Texture_Correlation_AGP_5_03_256,0.0005828905099458227,Nuclei,Texture
Cytoplasm_Granularity_1_Mito,0.0005823298924107284,Cytoplasm,Granularity
Cells_Texture_SumEntropy_Mito_5_01_256,0.0005821589316487266,Cells,Texture
Cells_Texture_InverseDifferenceMoment_AGP_5_01_256,0.0005814907439954757,Cells,Texture
Cells_Texture_Variance_AGP_10_00_256,0.0005806189658103125,Cells,Texture
Nuclei_Texture_Correlation_AGP_10_01_256,0.0005804747557309448,Nuclei,Texture
Cells_Texture_SumVariance_Mito_5_03_256,0.0005800449203094819,Cells,Texture
Cytoplasm_Texture_Variance_RNA_3_01_256,0.0005794156185999912,Cytoplasm,Texture
Cells_Intensity_MeanIntensity_DNA,0.0005793158108645003,Cells,Intensity
Nuclei_RadialDistribution_FracAtD_AGP_2of4,0.0005792798833506043,Nuclei,RadialDistribution
Cells_Texture_Correlation_RNA_5_02_256,0.0005785855265418962,Cells,Texture
Cells_Texture_DifferenceEntropy_Mito_3_03_256,0.0005784267466030104,Cells,Texture
Cells_Texture_SumVariance_RNA_3_02_256,0.0005781941879389966,Cells,Texture
Cells_Texture_DifferenceVariance_ER_5_02_256,0.0005775738615921,Cells,Texture
Cells_AreaShape_Zernike_8_0,0.0005774800209487044,Cells,AreaShape
Nuclei_Texture_InverseDifferenceMoment_RNA_3_01_256,0.0005768766119451487,Nuclei,Texture
Cells_RadialDistribution_MeanFrac_AGP_1of4,0.0005765608218072365,Cells,RadialDistribution
Nuclei_Intensity_IntegratedIntensityEdge_RNA,0.0005764610392251208,Nuclei,Intensity
Cytoplasm_Texture_Contrast_RNA_3_00_256,0.0005763572371662512,Cytoplasm,Texture
Cytoplasm_Texture_DifferenceVariance_RNA_3_02_256,0.0005750448147773568,Cytoplasm,Texture
Cytoplasm_Texture_SumVariance_Mito_3_03_256,0.000574850140144138,Cytoplasm,Texture
Cells_Texture_Correlation_AGP_5_01_256,0.0005748184269772796,Cells,Texture
Cells_Texture_Variance_Mito_5_02_256,0.0005748012375547011,Cells,Texture
Cells_Texture_SumEntropy_DNA_10_03_256,0.0005747874513190254,Cells,Texture
Cytoplasm_Texture_DifferenceEntropy_Mito_3_00_256,0.0005743003274147083,Cytoplasm,Texture
Cells_Texture_Variance_ER_3_02_256,0.0005741834842563419,Cells,Texture
Cells_Texture_Contrast_Mito_3_03_256,0.0005737040436206695,Cells,Texture
Cytoplasm_Texture_Correlation_ER_3_00_256,0.0005726453213355853,Cytoplasm,Texture
Nuclei_Texture_SumAverage_RNA_3_00_256,0.0005724002984870173,Nuclei,Texture
Cells_Texture_AngularSecondMoment_ER_10_00_256,0.0005722123946595405,Cells,Texture
Cells_Correlation_K_Mito_DNA,0.0005717928005989441,Cells,Correlation
Nuclei_Texture_InfoMeas2_Mito_5_00_256,0.00057126495871801,Nuclei,Texture
Cells_Texture_AngularSecondMoment_AGP_10_01_256,0.0005711836434264634,Cells,Texture
Nuclei_Texture_DifferenceVariance_RNA_3_01_256,0.0005698888679216907,Nuclei,Texture
Nuclei_Texture_SumAverage_RNA_10_02_256,0.0005695703435464695,Nuclei,Texture
Nuclei_Texture_SumAverage_RNA_5_00_256,0.0005689520750092925,Nuclei,Texture
Cytoplasm_Intensity_MaxIntensityEdge_DNA,0.0005689186352408018,Cytoplasm,Intensity
Cells_RadialDistribution_MeanFrac_mito_tubeness_9of20,0.0005684753847504811,Cells,RadialDistribution
Cells_Granularity_3_DNA,0.000568200889103017,Cells,Granularity
Nuclei_Texture_InfoMeas1_Mito_10_00_256,0.0005679582385242351,Nuclei,Texture
Cytoplasm_Texture_Contrast_RNA_5_00_256,0.000567286885852809,Cytoplasm,Texture
Nuclei_Texture_AngularSecondMoment_Mito_10_02_256,0.0005670742501050492,Nuclei,Texture
Cells_Texture_DifferenceVariance_RNA_10_03_256,0.0005668085010752984,Cells,Texture
Cells_Texture_Contrast_AGP_3_01_256,0.0005662483423589038,Cells,Texture
Cells_Texture_Entropy_AGP_3_00_256,0.0005662336556633818,Cells,Texture
Cytoplasm_Texture_InfoMeas2_ER_5_01_256,0.000565131337672418,Cytoplasm,Texture
Cells_Texture_SumAverage_RNA_3_00_256,0.0005647082074632895,Cells,Texture
Cells_Texture_DifferenceVariance_ER_3_00_256,0.0005646607631635041,Cells,Texture
Nuclei_Texture_Entropy_Mito_10_01_256,0.0005645651791798757,Nuclei,Texture
Cells_Texture_SumEntropy_DNA_10_02_256,0.0005645173907266455,Cells,Texture
Cells_Texture_Contrast_Mito_5_01_256,0.0005645122392005371,Cells,Texture
Nuclei_Intensity_IntegratedIntensity_Mito,0.0005643338877780479,Nuclei,Intensity
Nuclei_Texture_InfoMeas2_DNA_3_00_256,0.0005639621494213185,Nuclei,Texture
Cells_Texture_Variance_ER_3_03_256,0.0005638822828223055,Cells,Texture
Cytoplasm_Texture_SumAverage_RNA_5_03_256,0.0005638177850206765,Cytoplasm,Texture
Cells_Correlation_K_RNA_ER,0.0005631705566713663,Cells,Correlation
Cytoplasm_Texture_DifferenceEntropy_Mito_3_03_256,0.0005628638010862882,Cytoplasm,Texture
Cytoplasm_Texture_Entropy_RNA_10_00_256,0.0005626378907982143,Cytoplasm,Texture
Cytoplasm_Texture_DifferenceVariance_RNA_3_01_256,0.0005625738053900672,Cytoplasm,Texture
Cells_Texture_SumVariance_AGP_3_02_256,0.0005616664088406001,Cells,Texture
Cells_Texture_AngularSecondMoment_RNA_10_01_256,0.000561368363114525,Cells,Texture
Cells_Texture_Contrast_AGP_5_01_256,0.0005609230846909798,Cells,Texture
Cells_Texture_InfoMeas1_ER_3_03_256,0.0005591505540165339,Cells,Texture
Cells_Texture_Variance_ER_3_00_256,0.0005588951406317781,Cells,Texture
Cells_Texture_DifferenceEntropy_ER_5_02_256,0.0005587327990323437,Cells,Texture
Cytoplasm_Texture_SumVariance_Mito_3_01_256,0.0005585424916755853,Cytoplasm,Texture
Cells_Texture_SumEntropy_ER_5_00_256,0.0005576982678985587,Cells,Texture
Cells_Texture_Contrast_RNA_3_02_256,0.000556597065962267,Cells,Texture
Cytoplasm_Texture_SumEntropy_RNA_3_03_256,0.0005561572382937032,Cytoplasm,Texture
Cells_Texture_Variance_ER_5_02_256,0.0005559942367134291,Cells,Texture
Cells_Texture_DifferenceVariance_RNA_3_03_256,0.000555633026664769,Cells,Texture
Cells_Texture_SumVariance_Mito_10_00_256,0.0005546911346303724,Cells,Texture
Cells_Texture_DifferenceVariance_RNA_3_01_256,0.0005542286174791603,Cells,Texture
Cytoplasm_Texture_Correlation_ER_10_02_256,0.000554171680341824,Cytoplasm,Texture
Cytoplasm_Texture_DifferenceVariance_RNA_3_03_256,0.0005541363880547578,Cytoplasm,Texture
Cells_Texture_DifferenceVariance_RNA_10_01_256,0.0005538158989156727,Cells,Texture
Nuclei_Texture_AngularSecondMoment_Mito_10_01_256,0.0005521840172144314,Nuclei,Texture
Nuclei_Texture_InfoMeas2_AGP_10_03_256,0.0005519208552050258,Nuclei,Texture
Nuclei_Texture_DifferenceEntropy_ER_3_01_256,0.0005512049893747774,Nuclei,Texture
Nuclei_Intensity_IntegratedIntensity_AGP,0.0005510435957889318,Nuclei,Intensity
Cells_Texture_Correlation_AGP_5_02_256,0.0005506817107542312,Cells,Texture
Cells_Texture_SumAverage_RNA_5_00_256,0.000550334552894388,Cells,Texture
Cytoplasm_Texture_InverseDifferenceMoment_RNA_5_02_256,0.0005487931185039738,Cytoplasm,Texture
Nuclei_Texture_InverseDifferenceMoment_Mito_5_01_256,0.0005487555352218416,Nuclei,Texture
Nuclei_Texture_Contrast_ER_3_03_256,0.0005485155729937625,Nuclei,Texture
Nuclei_Texture_SumAverage_RNA_10_01_256,0.0005484104359272481,Nuclei,Texture
Cells_Texture_InfoMeas2_Mito_3_01_256,0.0005479401031646245,Cells,Texture
Cells_Texture_DifferenceEntropy_DNA_5_00_256,0.0005478523168546546,Cells,Texture
Nuclei_Texture_SumAverage_RNA_5_03_256,0.000547149963940683,Nuclei,Texture
Cytoplasm_Texture_Variance_AGP_3_02_256,0.0005465916083864743,Cytoplasm,Texture
Cytoplasm_Texture_Contrast_AGP_10_02_256,0.000546416732027605,Cytoplasm,Texture
Cells_Texture_Contrast_ER_5_00_256,0.0005461530345486868,Cells,Texture
Cells_Texture_Contrast_ER_3_00_256,0.0005459806840475981,Cells,Texture
Cytoplasm_Texture_SumEntropy_RNA_5_02_256,0.0005455945681933372,Cytoplasm,Texture
Nuclei_Intensity_LowerQuartileIntensity_AGP,0.0005443329497835034,Nuclei,Intensity
Cells_Texture_InfoMeas2_Mito_5_00_256,0.0005442260554952684,Cells,Texture
Cells_Texture_InfoMeas2_RNA_3_01_256,0.0005442049394813304,Cells,Texture
Cells_Texture_Entropy_AGP_3_02_256,0.0005441808210045045,Cells,Texture
Cells_Texture_InverseDifferenceMoment_AGP_3_02_256,0.0005440382138892476,Cells,Texture
Nuclei_Texture_InfoMeas1_RNA_10_03_256,0.0005426477735233805,Nuclei,Texture
Cytoplasm_Texture_DifferenceVariance_RNA_3_00_256,0.0005414535008536144,Cytoplasm,Texture
Nuclei_Texture_SumAverage_RNA_5_02_256,0.0005410632553139294,Nuclei,Texture
Cytoplasm_Texture_SumVariance_Mito_3_02_256,0.0005408344023505509,Cytoplasm,Texture
Cells_Texture_SumVariance_Mito_10_01_256,0.000540442347753794,Cells,Texture
Nuclei_Texture_InfoMeas1_DNA_3_02_256,0.0005404389054716116,Nuclei,Texture
Nuclei_Texture_DifferenceEntropy_RNA_3_01_256,0.0005400118700903736,Nuclei,Texture
Nuclei_Intensity_LowerQuartileIntensity_Mito,0.0005397129211970813,Nuclei,Intensity
Cells_Texture_Variance_AGP_5_03_256,0.0005385955084823633,Cells,Texture
Nuclei_Texture_DifferenceVariance_RNA_3_00_256,0.0005382631901407616,Nuclei,Texture
Cells_Texture_DifferenceVariance_ER_3_03_256,0.0005380980862329514,Cells,Texture
Cells_Texture_AngularSecondMoment_ER_3_02_256,0.0005379809127910968,Cells,Texture
Nuclei_Texture_Contrast_ER_3_00_256,0.0005374089219107451,Nuclei,Texture
Nuclei_Texture_SumEntropy_RNA_3_03_256,0.0005372743553445097,Nuclei,Texture
Cells_Texture_Variance_RNA_3_01_256,0.0005366487472981264,Cells,Texture
Cytoplasm_Texture_SumVariance_AGP_10_01_256,0.0005356920346883141,Cytoplasm,Texture
Cells_Texture_Variance_RNA_10_02_256,0.0005352080608924683,Cells,Texture
Nuclei_Texture_InfoMeas2_Mito_5_02_256,0.0005349173210704196,Nuclei,Texture
Cells_Texture_Variance_RNA_5_00_256,0.0005341313270348889,Cells,Texture
Cells_Texture_InverseDifferenceMoment_RNA_5_02_256,0.0005336867414722032,Cells,Texture
Nuclei_AreaShape_Zernike_5_5,0.0005333447862774067,Nuclei,AreaShape
Cytoplasm_Texture_SumEntropy_Mito_10_01_256,0.0005324811316365542,Cytoplasm,Texture
Cells_Intensity_StdIntensity_RNA,0.0005321897450078593,Cells,Intensity
Cells_Texture_DifferenceVariance_RNA_5_00_256,0.0005321061335540175,Cells,Texture
Cytoplasm_Texture_InfoMeas1_DNA_3_00_256,0.0005317240193679546,Cytoplasm,Texture
Cells_Texture_InfoMeas1_Mito_10_03_256,0.0005314124525882237,Cells,Texture
Nuclei_Texture_Contrast_ER_10_00_256,0.0005310253825830711,Nuclei,Texture
Cells_Texture_Variance_RNA_3_03_256,0.0005309104300951211,Cells,Texture
Nuclei_Texture_SumVariance_DNA_5_00_256,0.0005309001392444251,Nuclei,Texture
Cells_Texture_SumVariance_Mito_3_01_256,0.0005303659226683522,Cells,Texture
Cytoplasm_Intensity_IntegratedIntensity_Mito,0.0005291143002432363,Cytoplasm,Intensity
Cytoplasm_Texture_Correlation_ER_3_01_256,0.0005290797467796438,Cytoplasm,Texture
Nuclei_Location_MaxIntensity_Y_Mito,0.0005289891496927015,Nuclei,Location
Cells_Texture_Variance_ER_5_00_256,0.0005288104042600545,Cells,Texture
Cells_RadialDistribution_MeanFrac_mito_tubeness_8of20,0.0005287139321052742,Cells,RadialDistribution
Cytoplasm_Texture_Variance_AGP_5_00_256,0.0005286869695275088,Cytoplasm,Texture
Nuclei_Texture_AngularSecondMoment_ER_3_01_256,0.0005285444376126439,Nuclei,Texture
Cytoplasm_Texture_Correlation_ER_3_02_256,0.000527910818959104,Cytoplasm,Texture
Cells_Texture_Variance_RNA_5_02_256,0.0005278859165041793,Cells,Texture
Cytoplasm_Texture_InfoMeas2_RNA_10_03_256,0.0005277581070030075,Cytoplasm,Texture
Cytoplasm_Texture_InverseDifferenceMoment_RNA_3_03_256,0.0005274116785299807,Cytoplasm,Texture
Nuclei_AreaShape_MaxFeretDiameter,0.0005267583645114168,Nuclei,AreaShape
Cytoplasm_Texture_SumEntropy_RNA_10_01_256,0.0005261811215976715,Cytoplasm,Texture
Nuclei_Texture_SumVariance_DNA_5_03_256,0.0005250265978540775,Nuclei,Texture
Cytoplasm_Texture_SumVariance_DNA_5_00_256,0.0005240077624609642,Cytoplasm,Texture
Cells_Texture_DifferenceEntropy_Mito_3_02_256,0.0005239794056236795,Cells,Texture
Cells_Texture_DifferenceEntropy_DNA_5_03_256,0.0005237585313917797,Cells,Texture
Cells_Texture_Variance_AGP_5_00_256,0.0005237349825983984,Cells,Texture
Nuclei_Texture_InverseDifferenceMoment_Mito_3_01_256,0.0005234679816957006,Nuclei,Texture
Nuclei_Location_CenterMassIntensity_Y_Mito,0.0005233918766147585,Nuclei,Location
Nuclei_Texture_DifferenceEntropy_Mito_5_01_256,0.0005232948821187376,Nuclei,Texture
Cytoplasm_Texture_Contrast_AGP_3_02_256,0.0005220809781193176,Cytoplasm,Texture
Cytoplasm_Texture_SumEntropy_RNA_3_01_256,0.0005219970775038161,Cytoplasm,Texture
Cells_Texture_Variance_AGP_10_01_256,0.0005212210138389699,Cells,Texture
Cytoplasm_Intensity_IntegratedIntensity_RNA,0.0005208590499950918,Cytoplasm,Intensity
Cytoplasm_RadialDistribution_FracAtD_mito_tubeness_13of20,0.0005207317198125695,Cytoplasm,RadialDistribution
Cytoplasm_Texture_Correlation_ER_3_03_256,0.0005206235740960048,Cytoplasm,Texture
Cytoplasm_Texture_DifferenceEntropy_RNA_5_00_256,0.0005205985488802461,Cytoplasm,Texture
Nuclei_Texture_InfoMeas2_Mito_3_02_256,0.0005204175342026116,Nuclei,Texture
Cytoplasm_Texture_InfoMeas1_DNA_3_02_256,0.0005199262109337205,Cytoplasm,Texture
Cells_Texture_Variance_RNA_10_03_256,0.0005195825483568634,Cells,Texture
Cytoplasm_Texture_InfoMeas2_RNA_5_02_256,0.0005190569288567661,Cytoplasm,Texture
Cytoplasm_Texture_DifferenceVariance_RNA_10_00_256,0.0005185979492340006,Cytoplasm,Texture
Nuclei_Texture_AngularSecondMoment_RNA_10_03_256,0.0005180863067148169,Nuclei,Texture
Cells_Texture_DifferenceVariance_RNA_10_00_256,0.0005178264943684293,Cells,Texture
Nuclei_Intensity_MeanIntensity_RNA,0.0005172830192571252,Nuclei,Intensity
Nuclei_Texture_SumAverage_RNA_10_03_256,0.0005172739180488861,Nuclei,Texture
Cells_Texture_InfoMeas1_ER_3_00_256,0.0005171698986747027,Cells,Texture
Nuclei_Texture_Contrast_DNA_3_00_256,0.0005169017908727775,Nuclei,Texture
Cytoplasm_Texture_InfoMeas2_AGP_10_00_256,0.0005168759205753303,Cytoplasm,Texture
Cells_Texture_SumVariance_RNA_3_00_256,0.0005164707516256125,Cells,Texture
Nuclei_Texture_DifferenceEntropy_RNA_3_02_256,0.0005160475933709157,Nuclei,Texture
Nuclei_Texture_InverseDifferenceMoment_RNA_10_01_256,0.0005159592905946348,Nuclei,Texture
Cytoplasm_Texture_SumVariance_AGP_3_00_256,0.0005157880748551439,Cytoplasm,Texture
Cells_Texture_AngularSecondMoment_ER_5_03_256,0.000515521713722202,Cells,Texture
Cells_Texture_Contrast_Mito_5_00_256,0.0005154210997670816,Cells,Texture
Cells_Texture_Variance_AGP_3_03_256,0.0005148751533313803,Cells,Texture
Cytoplasm_Texture_DifferenceVariance_AGP_5_02_256,0.0005147884973653813,Cytoplasm,Texture
Cells_Texture_Variance_ER_5_03_256,0.0005142967641453261,Cells,Texture
Cells_RadialDistribution_MeanFrac_DNA_4of4,0.0005137460332740115,Cells,RadialDistribution
Nuclei_Intensity_UpperQuartileIntensity_AGP,0.0005129913996773081,Nuclei,Intensity
Cells_Texture_AngularSecondMoment_ER_10_02_256,0.0005129828866425409,Cells,Texture
Cytoplasm_Texture_SumEntropy_RNA_5_01_256,0.0005125402112207667,Cytoplasm,Texture
Nuclei_Texture_DifferenceEntropy_Mito_10_00_256,0.0005124308443425564,Nuclei,Texture
Nuclei_Texture_InfoMeas2_Mito_3_01_256,0.0005116292293886155,Nuclei,Texture
Nuclei_Texture_AngularSecondMoment_ER_3_00_256,0.0005115260154382538,Nuclei,Texture
Cells_Texture_SumVariance_AGP_3_03_256,0.0005113721475790303,Cells,Texture
Cytoplasm_Texture_SumEntropy_Mito_10_03_256,0.0005106198432050795,Cytoplasm,Texture
Cytoplasm_Texture_SumVariance_AGP_3_03_256,0.0005103324437355436,Cytoplasm,Texture
Cells_Texture_DifferenceEntropy_DNA_3_00_256,0.0005097508744672398,Cells,Texture
Cells_AreaShape_Center_Y,0.0005088981022965657,Cells,AreaShape
Nuclei_Texture_SumAverage_RNA_3_01_256,0.0005086921484247244,Nuclei,Texture
Cells_Texture_SumEntropy_RNA_3_01_256,0.0005085115673110912,Cells,Texture
Cells_Texture_SumAverage_RNA_3_01_256,0.0005082485870298115,Cells,Texture
Nuclei_Texture_Contrast_ER_3_02_256,0.0005081546165703393,Nuclei,Texture
Nuclei_Texture_Entropy_Mito_10_00_256,0.0005081060606659906,Nuclei,Texture
Cells_Texture_Variance_ER_10_02_256,0.0005080285252692615,Cells,Texture
Cells_Texture_AngularSecondMoment_ER_5_01_256,0.0005077278140268911,Cells,Texture
Nuclei_Texture_DifferenceEntropy_RNA_5_02_256,0.0005054684163379923,Nuclei,Texture
Cells_Texture_InfoMeas2_Mito_10_01_256,0.0005050432457158292,Cells,Texture
Cytoplasm_Texture_Variance_RNA_5_00_256,0.0005048174960497168,Cytoplasm,Texture
Cells_Texture_AngularSecondMoment_ER_3_03_256,0.0005041906784645026,Cells,Texture
Nuclei_Texture_Variance_DNA_10_02_256,0.0005039323547037254,Nuclei,Texture
Nuclei_RadialDistribution_RadialCV_DNA_3of4,0.0005034523718469635,Nuclei,RadialDistribution
Cytoplasm_Texture_Entropy_RNA_3_00_256,0.0005033722780006299,Cytoplasm,Texture
Cells_AreaShape_BoundingBoxMaximum_Y,0.0005032676979492732,Cells,AreaShape
Cells_Texture_SumVariance_Mito_3_00_256,0.0005029319677674948,Cells,Texture
Cells_Texture_InfoMeas1_AGP_10_00_256,0.0005023653138271454,Cells,Texture
Cells_Texture_DifferenceEntropy_Mito_3_00_256,0.0005022414877193374,Cells,Texture
Cells_Intensity_IntegratedIntensity_Mito,0.0005011663893804196,Cells,Intensity
Cells_Texture_SumVariance_Mito_10_03_256,0.0005010939219963412,Cells,Texture
Nuclei_Intensity_UpperQuartileIntensity_RNA,0.0005010825413267282,Nuclei,Intensity
Nuclei_Texture_Contrast_ER_10_03_256,0.0005010625763887739,Nuclei,Texture
Cytoplasm_Texture_InfoMeas1_AGP_5_02_256,0.0005005960020330999,Cytoplasm,Texture
Cytoplasm_Texture_Entropy_RNA_3_02_256,0.000499291177683777,Cytoplasm,Texture
Cells_Texture_SumVariance_RNA_5_00_256,0.0004992308212838127,Cells,Texture
Cytoplasm_Texture_InverseDifferenceMoment_ER_3_03_256,0.000498863199413628,Cytoplasm,Texture
Cells_Texture_Contrast_Mito_10_03_256,0.0004979576015076808,Cells,Texture
Nuclei_Texture_SumVariance_DNA_5_01_256,0.0004978507124412448,Nuclei,Texture
Cells_Texture_SumVariance_RNA_3_03_256,0.0004977505251554248,Cells,Texture
Cells_Texture_Variance_RNA_3_00_256,0.0004972446528596006,Cells,Texture
Cells_Texture_SumVariance_RNA_5_01_256,0.0004972150949957463,Cells,Texture
Nuclei_Texture_InfoMeas2_ER_10_01_256,0.000496603617081876,Nuclei,Texture
Cytoplasm_Texture_AngularSecondMoment_ER_10_01_256,0.0004961694729432306,Cytoplasm,Texture
Cytoplasm_Texture_DifferenceEntropy_Mito_3_01_256,0.0004960530375787389,Cytoplasm,Texture
Cells_Texture_SumAverage_RNA_3_03_256,0.0004956235431628946,Cells,Texture
Nuclei_Texture_AngularSecondMoment_ER_10_03_256,0.000495613020019456,Nuclei,Texture
Nuclei_Texture_Correlation_RNA_5_03_256,0.0004950267095929511,Nuclei,Texture
Nuclei_AreaShape_Zernike_9_1,0.0004949388929274586,Nuclei,AreaShape
Nuclei_Texture_Variance_ER_5_03_256,0.0004947175681042739,Nuclei,Texture
Cells_Texture_SumVariance_RNA_3_01_256,0.0004946499441107984,Cells,Texture
Cytoplasm_Texture_InfoMeas1_AGP_5_01_256,0.0004945995106286968,Cytoplasm,Texture
Cytoplasm_Intensity_StdIntensityEdge_DNA,0.0004936204723500331,Cytoplasm,Intensity
Cytoplasm_Texture_SumVariance_RNA_10_01_256,0.0004934854767686505,Cytoplasm,Texture
Cells_Texture_SumVariance_RNA_5_03_256,0.0004934657334004962,Cells,Texture
Cytoplasm_Texture_DifferenceEntropy_AGP_10_01_256,0.000491762007327452,Cytoplasm,Texture
Cells_Texture_InfoMeas2_RNA_5_03_256,0.0004916691782117206,Cells,Texture
Nuclei_Texture_Contrast_ER_10_01_256,0.0004907868373538804,Nuclei,Texture
Cells_Texture_Contrast_DNA_3_02_256,0.0004906753242851534,Cells,Texture
Cytoplasm_Texture_InverseDifferenceMoment_RNA_5_01_256,0.0004902974557262496,Cytoplasm,Texture
Cytoplasm_Texture_SumVariance_AGP_5_01_256,0.0004900621021546873,Cytoplasm,Texture
Cells_Texture_DifferenceVariance_ER_3_02_256,0.0004899129226867314,Cells,Texture
Nuclei_Texture_AngularSecondMoment_ER_10_02_256,0.0004893215869092924,Nuclei,Texture
Nuclei_Texture_InfoMeas2_DNA_3_02_256,0.0004893131641879985,Nuclei,Texture
Cells_Texture_DifferenceEntropy_AGP_5_01_256,0.0004887486072285745,Cells,Texture
Nuclei_Texture_Variance_ER_10_02_256,0.00048784909962461953,Nuclei,Texture
Nuclei_Texture_AngularSecondMoment_Mito_3_03_256,0.0004877547723897026,Nuclei,Texture
Cytoplasm_Texture_InfoMeas2_RNA_5_01_256,0.0004874132937727284,Cytoplasm,Texture
Nuclei_Texture_InfoMeas2_ER_10_03_256,0.00048675370598792663,Nuclei,Texture
Cells_Texture_SumAverage_RNA_5_02_256,0.0004863558915375117,Cells,Texture
Cells_Texture_Variance_Mito_10_03_256,0.00048577162029037676,Cells,Texture
Cells_Texture_DifferenceVariance_RNA_3_00_256,0.00048561519996967814,Cells,Texture
Cells_Texture_Variance_RNA_3_02_256,0.0004854939155900086,Cells,Texture
Cytoplasm_Texture_Contrast_AGP_3_03_256,0.0004849443225863784,Cytoplasm,Texture
Cytoplasm_Texture_Contrast_AGP_5_01_256,0.0004844762414904835,Cytoplasm,Texture
Cells_Texture_AngularSecondMoment_ER_3_01_256,0.0004838784621876714,Cells,Texture
Cytoplasm_Texture_Variance_RNA_5_02_256,0.0004837265217689232,Cytoplasm,Texture
Cells_Texture_AngularSecondMoment_ER_5_00_256,0.00048340007569874744,Cells,Texture
Cells_Texture_InverseDifferenceMoment_RNA_3_02_256,0.00048319770007148173,Cells,Texture
Cells_Texture_AngularSecondMoment_ER_5_02_256,0.000483147036871482,Cells,Texture
Cytoplasm_Texture_DifferenceEntropy_RNA_3_02_256,0.00048297095214106124,Cytoplasm,Texture
Cytoplasm_AreaShape_BoundingBoxMaximum_Y,0.00048209131920365117,Cytoplasm,AreaShape
Cytoplasm_Texture_Contrast_AGP_10_03_256,0.00048179447499413594,Cytoplasm,Texture
Nuclei_AreaShape_BoundingBoxMaximum_Y,0.0004816838772356797,Nuclei,AreaShape
Cytoplasm_Texture_SumVariance_Mito_5_02_256,0.00048110499009843417,Cytoplasm,Texture
Cells_RadialDistribution_RadialCV_DNA_4of4,0.00048078333004403765,Cells,RadialDistribution
Cells_Texture_Variance_RNA_10_00_256,0.00048041395285768626,Cells,Texture
Cytoplasm_Texture_InfoMeas2_RNA_5_03_256,0.00048034675588756466,Cytoplasm,Texture
Cells_Texture_Variance_AGP_5_02_256,0.0004801834077235461,Cells,Texture
Nuclei_Texture_InverseDifferenceMoment_Mito_3_03_256,0.00048008971563961365,Nuclei,Texture
Cells_Texture_InfoMeas1_Mito_5_03_256,0.0004788466580274482,Cells,Texture
Nuclei_Texture_SumAverage_RNA_3_02_256,0.0004782949295349681,Nuclei,Texture
Nuclei_Intensity_StdIntensity_Mito,0.00047778349720699353,Nuclei,Intensity
Cells_Texture_InverseDifferenceMoment_RNA_5_00_256,0.00047740332434126944,Cells,Texture
Cells_Texture_SumVariance_AGP_10_03_256,0.0004771811357399461,Cells,Texture
Nuclei_Intensity_MinIntensityEdge_Mito,0.00047637754666668896,Nuclei,Intensity
Cytoplasm_RadialDistribution_FracAtD_ER_4of4,0.0004753719880026048,Cytoplasm,RadialDistribution
Cytoplasm_Intensity_MedianIntensity_Mito,0.0004753419774871353,Cytoplasm,Intensity
Nuclei_Location_MaxIntensity_Y_AGP,0.000473957359281485,Nuclei,Location
Cytoplasm_Texture_DifferenceEntropy_RNA_3_01_256,0.000473374434629607,Cytoplasm,Texture
Cytoplasm_Texture_InverseDifferenceMoment_ER_3_00_256,0.0004729134619524952,Cytoplasm,Texture
Nuclei_Texture_SumVariance_DNA_10_02_256,0.00047245587828001587,Nuclei,Texture
Cytoplasm_Texture_AngularSecondMoment_ER_10_03_256,0.0004719420477860175,Cytoplasm,Texture
Nuclei_Texture_AngularSecondMoment_ER_10_01_256,0.0004719407635327246,Nuclei,Texture
Cells_Texture_SumAverage_Mito_10_01_256,0.00047187021502135656,Cells,Texture
Cytoplasm_Texture_SumVariance_Mito_5_00_256,0.0004715043612761097,Cytoplasm,Texture
Cells_Texture_Variance_AGP_3_00_256,0.0004713915790919186,Cells,Texture
Cells_Texture_SumAverage_RNA_10_02_256,0.0004712905810700363,Cells,Texture
Cells_Texture_DifferenceEntropy_ER_3_03_256,0.00047007829892208974,Cells,Texture
Nuclei_Texture_InfoMeas2_Mito_3_03_256,0.00046966220124626746,Nuclei,Texture
Cells_Texture_Variance_AGP_5_01_256,0.0004686275563861792,Cells,Texture
Cells_Texture_Variance_AGP_3_01_256,0.00046775433822339045,Cells,Texture
Cytoplasm_Texture_Variance_AGP_10_02_256,0.00046714885589218673,Cytoplasm,Texture
Cells_Texture_Correlation_RNA_3_01_256,0.0004660824037581993,Cells,Texture
Nuclei_Location_MaxIntensity_Y_RNA,0.000465833855632809,Nuclei,Location
Cells_Texture_DifferenceEntropy_DNA_5_02_256,0.00046581357352676734,Cells,Texture
Cytoplasm_Texture_InverseDifferenceMoment_ER_3_01_256,0.00046561856554067814,Cytoplasm,Texture
Nuclei_Texture_SumEntropy_RNA_10_03_256,0.00046556995128997056,Nuclei,Texture
Nuclei_Texture_InfoMeas2_RNA_5_03_256,0.00046531756376030637,Nuclei,Texture
Cells_Texture_DifferenceEntropy_AGP_5_00_256,0.0004650039441068137,Cells,Texture
Nuclei_Texture_InfoMeas1_RNA_10_00_256,0.00046490340089543937,Nuclei,Texture
Cells_Texture_InfoMeas2_RNA_10_03_256,0.0004637509164136385,Cells,Texture
Cells_Texture_Variance_RNA_5_03_256,0.0004636774274097531,Cells,Texture
Nuclei_Texture_AngularSecondMoment_ER_3_02_256,0.0004624916411713847,Nuclei,Texture
Nuclei_Texture_AngularSecondMoment_Mito_3_02_256,0.0004622353171903017,Nuclei,Texture
Cytoplasm_Texture_SumVariance_AGP_5_00_256,0.0004621915120644969,Cytoplasm,Texture
Nuclei_Location_CenterMassIntensity_Y_AGP,0.00046202275667702456,Nuclei,Location
Cytoplasm_RadialDistribution_FracAtD_RNA_4of4,0.00046182914242178544,Cytoplasm,RadialDistribution
Cells_Texture_Variance_AGP_3_02_256,0.000460677279718636,Cells,Texture
Cytoplasm_Texture_InverseDifferenceMoment_AGP_3_00_256,0.0004601546789173686,Cytoplasm,Texture
Cells_Texture_DifferenceEntropy_DNA_3_02_256,0.0004592848290407606,Cells,Texture
Nuclei_Texture_Variance_ER_3_01_256,0.0004591327321200619,Nuclei,Texture
Cells_Texture_DifferenceEntropy_DNA_3_01_256,0.00045913212142165453,Cells,Texture
Cells_Texture_DifferenceEntropy_ER_3_00_256,0.00045833464111183275,Cells,Texture
Cells_Texture_DifferenceEntropy_DNA_3_03_256,0.00045784094813695577,Cells,Texture
Cells_Texture_InverseDifferenceMoment_AGP_5_02_256,0.00045728805744667104,Cells,Texture
Cells_Texture_InfoMeas1_ER_3_02_256,0.00045714834700317754,Cells,Texture
Nuclei_Texture_SumEntropy_RNA_3_00_256,0.00045663229864918064,Nuclei,Texture
Cytoplasm_Texture_InverseDifferenceMoment_ER_5_02_256,0.00045522390158501887,Cytoplasm,Texture
Cytoplasm_Texture_Variance_Mito_3_03_256,0.00045505319310125614,Cytoplasm,Texture
Nuclei_Texture_InfoMeas2_ER_5_03_256,0.00045496931140015864,Nuclei,Texture
Nuclei_Location_CenterMassIntensity_Y_DNA,0.00045454360536907194,Nuclei,Location
Cells_Texture_SumAverage_RNA_5_03_256,0.0004543525412762912,Cells,Texture
Cytoplasm_Texture_DifferenceVariance_RNA_5_00_256,0.0004543452432406931,Cytoplasm,Texture
Cells_Granularity_4_DNA,0.00045353407710730867,Cells,Granularity
Cells_Texture_Variance_AGP_10_03_256,0.0004530746447796576,Cells,Texture
Cytoplasm_Texture_SumVariance_AGP_3_02_256,0.0004529199860183196,Cytoplasm,Texture
Nuclei_Texture_InfoMeas1_DNA_5_00_256,0.00045285544617269937,Nuclei,Texture
Nuclei_Texture_SumVariance_ER_3_02_256,0.00045249106210056716,Nuclei,Texture
Cytoplasm_Texture_SumVariance_AGP_10_03_256,0.0004519367054178604,Cytoplasm,Texture
Cells_Texture_DifferenceEntropy_DNA_10_00_256,0.0004512332424000322,Cells,Texture
Cytoplasm_Texture_SumVariance_Mito_3_00_256,0.0004498346764145416,Cytoplasm,Texture
Cells_Texture_SumVariance_RNA_5_02_256,0.0004495305689475312,Cells,Texture
Nuclei_Texture_AngularSecondMoment_ER_10_00_256,0.0004494425485803991,Nuclei,Texture
Cytoplasm_Texture_InverseDifferenceMoment_RNA_3_02_256,0.000448985167483735,Cytoplasm,Texture
Cells_Texture_DifferenceEntropy_DNA_10_01_256,0.000447468075222527,Cells,Texture
Cells_Texture_SumVariance_AGP_3_01_256,0.0004473107192383655,Cells,Texture
Cells_Texture_DifferenceEntropy_RNA_3_00_256,0.00044718221577503365,Cells,Texture
Nuclei_Texture_InfoMeas2_Mito_3_00_256,0.00044696100467652805,Nuclei,Texture
Nuclei_Location_MaxIntensity_Y_ER,0.0004469319447363367,Nuclei,Location
Nuclei_Texture_AngularSecondMoment_ER_5_00_256,0.00044672543978906885,Nuclei,Texture
Cytoplasm_Texture_InfoMeas2_AGP_5_00_256,0.0004463426707103021,Cytoplasm,Texture
Cells_Texture_SumVariance_AGP_10_02_256,0.0004463237810874229,Cells,Texture
Cytoplasm_RadialDistribution_RadialCV_mito_tubeness_16of16,0.00044572508886176366,Cytoplasm,RadialDistribution
Cytoplasm_Texture_SumVariance_AGP_5_03_256,0.00044567548936973774,Cytoplasm,Texture
Nuclei_AreaShape_BoundingBoxMinimum_Y,0.00044543945359432004,Nuclei,AreaShape
Cells_Texture_InverseDifferenceMoment_RNA_3_03_256,0.00044482540903085724,Cells,Texture
Cells_Intensity_MADIntensity_RNA,0.0004444135091184112,Cells,Intensity
Nuclei_Texture_InfoMeas1_RNA_3_00_256,0.00044305583583146863,Nuclei,Texture
Cytoplasm_RadialDistribution_RadialCV_mito_tubeness_20of20,0.000442965264104974,Cytoplasm,RadialDistribution
Cells_Texture_Variance_AGP_10_02_256,0.0004426710668095828,Cells,Texture
Cytoplasm_Intensity_StdIntensityEdge_AGP,0.0004424545585451207,Cytoplasm,Intensity
Cytoplasm_Texture_InverseDifferenceMoment_RNA_3_00_256,0.00044244600096720075,Cytoplasm,Texture
Cells_Texture_DifferenceEntropy_DNA_10_03_256,0.0004419288188351597,Cells,Texture
Cells_Texture_InverseDifferenceMoment_RNA_10_02_256,0.0004419152726133494,Cells,Texture
Cells_Texture_AngularSecondMoment_ER_3_00_256,0.00044131163122463994,Cells,Texture
Cells_Texture_SumVariance_Mito_5_00_256,0.0004406266409404631,Cells,Texture
Cytoplasm_Texture_InfoMeas2_RNA_10_01_256,0.0004402752451041384,Cytoplasm,Texture
Cells_Texture_InverseDifferenceMoment_RNA_3_01_256,0.0004399555799130082,Cells,Texture
Nuclei_Texture_Variance_ER_3_02_256,0.0004396451689016041,Nuclei,Texture
Cells_Texture_SumVariance_Mito_5_02_256,0.0004392885444784562,Cells,Texture
Nuclei_Texture_DifferenceVariance_ER_5_00_256,0.000438680966998228,Nuclei,Texture
Cytoplasm_RadialDistribution_MeanFrac_RNA_2of4,0.00043855517450927956,Cytoplasm,RadialDistribution
Nuclei_Texture_InverseDifferenceMoment_RNA_5_00_256,0.00043840714451237416,Nuclei,Texture
Nuclei_Texture_SumVariance_ER_10_02_256,0.00043731002300124343,Nuclei,Texture
Cells_Texture_SumAverage_RNA_5_01_256,0.0004366500163710693,Cells,Texture
Nuclei_Texture_SumVariance_DNA_10_00_256,0.00043636679539953805,Nuclei,Texture
Cytoplasm_Texture_SumEntropy_RNA_10_02_256,0.0004352344528888352,Cytoplasm,Texture
Cells_Texture_SumEntropy_Mito_5_00_256,0.0004345940999850687,Cells,Texture
Nuclei_Location_CenterMassIntensity_Y_RNA,0.0004338877059204346,Nuclei,Location
Cytoplasm_Texture_SumVariance_RNA_5_02_256,0.000433329161135459,Cytoplasm,Texture
Cells_Texture_SumEntropy_RNA_10_01_256,0.000433221801509457,Cells,Texture
Nuclei_Texture_DifferenceVariance_ER_5_02_256,0.00043312116678147764,Nuclei,Texture
Cytoplasm_Texture_DifferenceEntropy_AGP_10_03_256,0.00043288564498652706,Cytoplasm,Texture
Cells_RadialDistribution_FracAtD_mito_tubeness_13of16,0.0004324172410646757,Cells,RadialDistribution
Cytoplasm_Texture_Variance_RNA_3_00_256,0.0004316673087201447,Cytoplasm,Texture
Cells_Texture_Contrast_RNA_5_01_256,0.00043129350852073655,Cells,Texture
Cytoplasm_Intensity_MADIntensity_ER,0.00043066526351789695,Cytoplasm,Intensity
Nuclei_Texture_Variance_ER_5_01_256,0.0004300034819347534,Nuclei,Texture
Cells_Texture_Contrast_AGP_10_02_256,0.00042999719510200004,Cells,Texture
Nuclei_Texture_AngularSecondMoment_Mito_3_00_256,0.00042943117699410647,Nuclei,Texture
Nuclei_Texture_InfoMeas1_DNA_3_03_256,0.0004293684004265482,Nuclei,Texture
Cytoplasm_Texture_SumVariance_AGP_5_02_256,0.00042881199841498786,Cytoplasm,Texture
Nuclei_Texture_AngularSecondMoment_Mito_5_02_256,0.00042825471292222314,Nuclei,Texture
Cells_Texture_SumEntropy_RNA_3_03_256,0.0004277492792523065,Cells,Texture
Cells_Texture_SumEntropy_RNA_10_03_256,0.00042733013101886694,Cells,Texture
Nuclei_Texture_DifferenceVariance_RNA_3_03_256,0.00042688213509401454,Nuclei,Texture
Cytoplasm_Texture_SumVariance_RNA_3_03_256,0.0004264508178416041,Cytoplasm,Texture
Nuclei_Location_MaxIntensity_Y_DNA,0.00042636920414614515,Nuclei,Location
Nuclei_Texture_SumEntropy_RNA_10_01_256,0.00042597467744339416,Nuclei,Texture
Cells_Texture_SumVariance_RNA_10_02_256,0.0004252668072155887,Cells,Texture
Nuclei_Texture_SumEntropy_RNA_3_02_256,0.00042498047897035056,Nuclei,Texture
Nuclei_Texture_AngularSecondMoment_Mito_5_03_256,0.0004240314664925141,Nuclei,Texture
Cytoplasm_Texture_DifferenceEntropy_AGP_10_02_256,0.00042399604453034306,Cytoplasm,Texture
Nuclei_Texture_InfoMeas2_ER_10_02_256,0.0004236256156264062,Nuclei,Texture
Cells_Texture_SumEntropy_RNA_3_00_256,0.0004235970775724646,Cells,Texture
Nuclei_Texture_DifferenceVariance_ER_3_02_256,0.00042332477467945344,Nuclei,Texture
Cells_Texture_SumVariance_AGP_3_00_256,0.0004221726768446388,Cells,Texture
Nuclei_Intensity_StdIntensityEdge_Mito,0.0004219048950731771,Nuclei,Intensity
Cells_Texture_Contrast_RNA_10_00_256,0.0004217588891820664,Cells,Texture
Cells_Texture_Contrast_RNA_5_00_256,0.0004210677301073572,Cells,Texture
Nuclei_AreaShape_Center_Y,0.0004207973187846749,Nuclei,AreaShape
Cells_Texture_InfoMeas2_RNA_10_02_256,0.00042073712446835996,Cells,Texture
Cytoplasm_Texture_Variance_AGP_10_03_256,0.0004205654179431154,Cytoplasm,Texture
Nuclei_Texture_DifferenceEntropy_RNA_3_00_256,0.00041992548836788045,Nuclei,Texture
Nuclei_Texture_AngularSecondMoment_ER_5_02_256,0.0004195372679454782,Nuclei,Texture
Nuclei_Texture_SumVariance_ER_5_02_256,0.00041934378470094607,Nuclei,Texture
Cells_Texture_InfoMeas2_RNA_10_00_256,0.0004192754345941856,Cells,Texture
Cells_Texture_SumEntropy_Mito_5_02_256,0.00041919644647350654,Cells,Texture
Cells_AreaShape_BoundingBoxMinimum_Y,0.00041918574233672446,Cells,AreaShape
Nuclei_Location_CenterMassIntensity_Y_ER,0.0004187059636102016,Nuclei,Location
Nuclei_Intensity_MinIntensity_Mito,0.00041778674652960036,Nuclei,Intensity
Cytoplasm_Texture_DifferenceEntropy_AGP_5_02_256,0.00041773884946191435,Cytoplasm,Texture
Nuclei_Texture_InverseDifferenceMoment_Mito_5_00_256,0.00041766280658196464,Nuclei,Texture
Nuclei_Texture_DifferenceVariance_ER_3_03_256,0.00041758647136833,Nuclei,Texture
Nuclei_Texture_SumVariance_ER_5_03_256,0.00041751064392363854,Nuclei,Texture
Cells_Texture_Variance_Mito_10_01_256,0.0004168871107780043,Cells,Texture
Cytoplasm_Texture_Variance_RNA_3_02_256,0.00041660293966872686,Cytoplasm,Texture
Cells_Texture_Contrast_Mito_5_02_256,0.00041625956224639336,Cells,Texture
Cells_Texture_InverseDifferenceMoment_RNA_3_00_256,0.00041550472363123195,Cells,Texture
Cytoplasm_Texture_Variance_AGP_3_01_256,0.00041527716106998014,Cytoplasm,Texture
Cells_RadialDistribution_MeanFrac_mito_tubeness_7of16,0.0004149827708637791,Cells,RadialDistribution
Cytoplasm_Texture_InverseDifferenceMoment_RNA_3_01_256,0.0004145413028202581,Cytoplasm,Texture
Cells_Texture_InverseDifferenceMoment_RNA_10_00_256,0.00041300058141652176,Cells,Texture
Nuclei_Texture_DifferenceVariance_ER_10_00_256,0.00041278489242228844,Nuclei,Texture
Cells_Texture_DifferenceEntropy_DNA_10_02_256,0.00041270011048774385,Cells,Texture
Nuclei_Intensity_MADIntensity_AGP,0.0004120177800957338,Nuclei,Intensity
Nuclei_Texture_AngularSecondMoment_Mito_10_03_256,0.0004116160298794317,Nuclei,Texture
Cells_Texture_InverseDifferenceMoment_RNA_5_03_256,0.00041101595752154803,Cells,Texture
Nuclei_Texture_AngularSecondMoment_ER_5_01_256,0.00041038579241540926,Nuclei,Texture
Cells_Texture_InverseDifferenceMoment_RNA_10_03_256,0.00040977698180865574,Cells,Texture
Cells_Texture_DifferenceEntropy_DNA_5_01_256,0.00040853131024797614,Cells,Texture
Cytoplasm_Texture_SumEntropy_RNA_10_00_256,0.0004081100156781758,Cytoplasm,Texture
Cytoplasm_Texture_DifferenceVariance_AGP_5_03_256,0.00040795037603597197,Cytoplasm,Texture
Cytoplasm_Texture_SumEntropy_RNA_5_00_256,0.00040776124502615727,Cytoplasm,Texture
Cytoplasm_Texture_SumVariance_RNA_3_00_256,0.0004072224865116628,Cytoplasm,Texture
Cells_Texture_DifferenceEntropy_ER_3_02_256,0.00040546663399124687,Cells,Texture
Cytoplasm_Texture_Variance_AGP_3_00_256,0.00040518643079362195,Cytoplasm,Texture
Cytoplasm_Texture_SumVariance_AGP_10_00_256,0.00040503279860396496,Cytoplasm,Texture
Nuclei_Texture_SumVariance_ER_3_00_256,0.00040424002250493427,Nuclei,Texture
Cells_Texture_DifferenceEntropy_AGP_3_00_256,0.00040372710661423685,Cells,Texture
Nuclei_Texture_Variance_ER_5_02_256,0.00040353483612177245,Nuclei,Texture
Cells_Texture_Entropy_RNA_3_01_256,0.0004034502455319203,Cells,Texture
Cytoplasm_Texture_InverseDifferenceMoment_ER_3_02_256,0.00040304721045036527,Cytoplasm,Texture
Cells_Texture_InfoMeas1_ER_5_02_256,0.0004027955571473285,Cells,Texture
Cytoplasm_Texture_Entropy_Mito_10_03_256,0.00040265658713126737,Cytoplasm,Texture
Cytoplasm_Texture_DifferenceEntropy_AGP_5_00_256,0.00040201238128117567,Cytoplasm,Texture
Cells_Texture_SumVariance_Mito_10_02_256,0.0004019827925024596,Cells,Texture
Cells_Texture_Correlation_RNA_10_01_256,0.00040186350006698443,Cells,Texture
Cells_Texture_SumEntropy_RNA_5_00_256,0.00040185115431605874,Cells,Texture
Cells_Texture_DifferenceVariance_AGP_10_00_256,0.00040165936228991737,Cells,Texture
Nuclei_Texture_DifferenceVariance_RNA_5_01_256,0.0004007497989099258,Nuclei,Texture
Cells_Texture_SumEntropy_Mito_3_01_256,0.000400550263610577,Cells,Texture
Cells_Texture_SumVariance_AGP_5_00_256,0.0004000718032330042,Cells,Texture
Cells_Texture_SumVariance_RNA_10_00_256,0.0004000466425571046,Cells,Texture
Cells_Texture_SumEntropy_RNA_5_02_256,0.00039985026347072304,Cells,Texture
Nuclei_Texture_AngularSecondMoment_Mito_10_00_256,0.00039948045260514067,Nuclei,Texture
Nuclei_Texture_AngularSecondMoment_Mito_5_00_256,0.0003988721751738922,Nuclei,Texture
Cells_Texture_Contrast_Mito_10_00_256,0.0003987784746303597,Cells,Texture
Cells_Texture_DifferenceEntropy_RNA_10_01_256,0.000398431442713445,Cells,Texture
Nuclei_Texture_DifferenceVariance_ER_5_03_256,0.00039838643410283634,Nuclei,Texture
Cytoplasm_Texture_SumVariance_RNA_5_03_256,0.0003981770357235551,Cytoplasm,Texture
Cytoplasm_AreaShape_BoundingBoxMinimum_Y,0.00039723512869776253,Cytoplasm,AreaShape
Nuclei_Texture_DifferenceVariance_RNA_5_00_256,0.0003972176529792445,Nuclei,Texture
Cells_Intensity_MaxIntensity_RNA,0.0003966605608885792,Cells,Intensity
Nuclei_Texture_AngularSecondMoment_Mito_3_01_256,0.00039482184689404676,Nuclei,Texture
Cytoplasm_Texture_SumVariance_AGP_3_01_256,0.00039446581867715784,Cytoplasm,Texture
Cells_Texture_SumVariance_Mito_5_01_256,0.0003938817934931649,Cells,Texture
Nuclei_Intensity_MinIntensity_AGP,0.0003937821046643616,Nuclei,Intensity
Cells_Texture_InfoMeas1_ER_3_01_256,0.0003937801669280816,Cells,Texture
Nuclei_Texture_DifferenceVariance_ER_3_00_256,0.00039366008494913073,Nuclei,Texture
Cytoplasm_Texture_SumEntropy_RNA_10_03_256,0.0003934207410722073,Cytoplasm,Texture
Cytoplasm_Texture_DifferenceEntropy_AGP_3_03_256,0.000392231003015695,Cytoplasm,Texture
Cells_Texture_Entropy_RNA_3_02_256,0.0003921608099855283,Cells,Texture
Cytoplasm_Texture_InfoMeas2_RNA_10_00_256,0.00039107873073459946,Cytoplasm,Texture
Cytoplasm_Texture_Contrast_AGP_10_00_256,0.000388274945824248,Cytoplasm,Texture
Cells_Texture_DifferenceVariance_AGP_10_01_256,0.00038796413362433667,Cells,Texture
Nuclei_Texture_AngularSecondMoment_ER_3_03_256,0.0003873653467638048,Nuclei,Texture
Cytoplasm_Texture_SumVariance_RNA_3_02_256,0.00038732579877302797,Cytoplasm,Texture
Cytoplasm_Texture_Variance_RNA_3_03_256,0.000387035439772652,Cytoplasm,Texture
Nuclei_Texture_AngularSecondMoment_Mito_5_01_256,0.00038568435468862717,Nuclei,Texture
Nuclei_Texture_InverseDifferenceMoment_Mito_3_00_256,0.0003850676469392056,Nuclei,Texture
Cytoplasm_Texture_SumVariance_RNA_3_01_256,0.00038459190133705435,Cytoplasm,Texture
Cells_Texture_InfoMeas1_Mito_10_01_256,0.0003842686270140153,Cells,Texture
Nuclei_Texture_InfoMeas1_DNA_5_02_256,0.0003841413719531569,Nuclei,Texture
Cytoplasm_Texture_DifferenceEntropy_AGP_3_00_256,0.0003840487545997868,Cytoplasm,Texture
Cells_Texture_Entropy_RNA_10_03_256,0.00038344287074989683,Cells,Texture
Cells_Texture_InverseDifferenceMoment_AGP_5_03_256,0.00038333442587307735,Cells,Texture
Cells_Texture_DifferenceVariance_AGP_10_03_256,0.0003832674827572191,Cells,Texture
Cells_Texture_Contrast_RNA_10_01_256,0.00038225576954573624,Cells,Texture
Nuclei_Texture_Variance_ER_10_01_256,0.0003810744779288403,Nuclei,Texture
Nuclei_Texture_InfoMeas2_DNA_3_01_256,0.00037915806662242957,Nuclei,Texture
Cells_Texture_Entropy_RNA_5_03_256,0.0003790053091048711,Cells,Texture
Cells_Texture_DifferenceEntropy_ER_3_01_256,0.00037893869920123635,Cells,Texture
Cytoplasm_Texture_DifferenceEntropy_RNA_3_00_256,0.00037871392292150374,Cytoplasm,Texture
Cytoplasm_Intensity_StdIntensityEdge_Mito,0.00037825989800727,Cytoplasm,Intensity
Nuclei_Texture_SumVariance_ER_5_00_256,0.000378153135539573,Nuclei,Texture
Cells_Texture_Entropy_RNA_10_01_256,0.0003772622111864621,Cells,Texture
Cytoplasm_Texture_SumVariance_RNA_10_00_256,0.0003765205499190318,Cytoplasm,Texture
Cytoplasm_Texture_Correlation_ER_5_02_256,0.00037566192829087544,Cytoplasm,Texture
Cells_Texture_SumEntropy_RNA_3_02_256,0.0003755994336331371,Cells,Texture
Cells_Texture_SumVariance_RNA_10_03_256,0.00037462511590368716,Cells,Texture
Cytoplasm_Intensity_StdIntensityEdge_RNA,0.0003743712380621998,Cytoplasm,Intensity
Cytoplasm_Texture_SumEntropy_RNA_5_03_256,0.0003738963372558146,Cytoplasm,Texture
Cells_Intensity_UpperQuartileIntensity_Mito,0.00037366939661166856,Cells,Intensity
Nuclei_Texture_SumVariance_ER_5_01_256,0.0003735027833133943,Nuclei,Texture
Cells_Texture_DifferenceEntropy_RNA_5_01_256,0.0003729055971345068,Cells,Texture
Cells_Texture_Entropy_RNA_5_02_256,0.0003727418680604647,Cells,Texture
Nuclei_Intensity_MedianIntensity_RNA,0.00037269420155796847,Nuclei,Intensity
Cells_Texture_Entropy_Mito_3_00_256,0.000372356095980909,Cells,Texture
Cells_Texture_DifferenceEntropy_AGP_3_02_256,0.0003722097693644498,Cells,Texture
Nuclei_Texture_Entropy_RNA_10_00_256,0.0003715961814244955,Nuclei,Texture
Cells_Texture_SumEntropy_Mito_3_03_256,0.0003711035510332295,Cells,Texture
Cytoplasm_Texture_InverseDifferenceMoment_RNA_5_00_256,0.00037066497505488117,Cytoplasm,Texture
Cells_Texture_DifferenceEntropy_RNA_5_00_256,0.0003706314084346169,Cells,Texture
Cells_Texture_InverseDifferenceMoment_AGP_3_00_256,0.0003683652020111237,Cells,Texture
Nuclei_Texture_Variance_ER_5_00_256,0.0003682907245274691,Nuclei,Texture
Cells_Texture_DifferenceEntropy_AGP_3_03_256,0.00036766251832594726,Cells,Texture
Nuclei_Texture_DifferenceVariance_ER_10_03_256,0.0003650314773507749,Nuclei,Texture
Cells_Texture_DifferenceVariance_AGP_5_02_256,0.00036487942159510564,Cells,Texture
Cells_Texture_DifferenceEntropy_AGP_5_02_256,0.0003643761283326187,Cells,Texture
Cytoplasm_Intensity_StdIntensity_Mito,0.00036397138450671004,Cytoplasm,Intensity
Nuclei_Texture_Variance_ER_3_00_256,0.0003631964824307943,Nuclei,Texture
Nuclei_Texture_Contrast_DNA_3_02_256,0.00036236870524459976,Nuclei,Texture
Cells_Texture_Entropy_Mito_10_00_256,0.0003614039127595398,Cells,Texture
Cells_Texture_InverseDifferenceMoment_RNA_5_01_256,0.00035923147593036576,Cells,Texture
Cells_Granularity_1_RNA,0.00035922732084665246,Cells,Granularity
Cells_Texture_DifferenceEntropy_RNA_3_03_256,0.0003590678533029339,Cells,Texture
Cytoplasm_Texture_SumEntropy_Mito_10_00_256,0.00035903614651423203,Cytoplasm,Texture
Cytoplasm_Texture_Contrast_AGP_5_02_256,0.0003590231970853048,Cytoplasm,Texture
Cells_Texture_InfoMeas2_Mito_10_03_256,0.0003588234280206442,Cells,Texture
Cells_Texture_InfoMeas2_RNA_5_01_256,0.00035879474973967264,Cells,Texture
Cells_Texture_Variance_Mito_10_00_256,0.00035846423084746806,Cells,Texture
Cytoplasm_Texture_DifferenceEntropy_AGP_3_01_256,0.0003568050348647895,Cytoplasm,Texture
Cells_Texture_Entropy_RNA_3_03_256,0.000356754839428634,Cells,Texture
Nuclei_Texture_SumVariance_ER_3_03_256,0.0003561878385250696,Nuclei,Texture
Nuclei_Texture_Correlation_AGP_5_01_256,0.000355906437451787,Nuclei,Texture
Nuclei_Texture_SumVariance_ER_10_00_256,0.00035487040707136785,Nuclei,Texture
Cells_Texture_SumAverage_Mito_5_00_256,0.00035390291826778203,Cells,Texture
Cytoplasm_Texture_DifferenceEntropy_AGP_5_03_256,0.0003538296356055071,Cytoplasm,Texture
Nuclei_Texture_SumAverage_AGP_5_01_256,0.0003527990894586505,Nuclei,Texture
Cells_Texture_Entropy_RNA_10_02_256,0.0003519702997540922,Cells,Texture
Cells_Texture_SumAverage_Mito_3_02_256,0.0003515732044278203,Cells,Texture
Cells_Texture_SumAverage_Mito_3_00_256,0.0003510749974294721,Cells,Texture
Cells_Texture_InverseDifferenceMoment_AGP_3_01_256,0.0003510451828645143,Cells,Texture
Cells_Granularity_4_AGP,0.00035061341090632985,Cells,Granularity
Cells_Texture_DifferenceVariance_AGP_5_03_256,0.000350492583090402,Cells,Texture
Nuclei_Texture_DifferenceVariance_ER_5_01_256,0.0003504754037014988,Nuclei,Texture
Cells_Texture_Entropy_RNA_5_01_256,0.0003503249665871928,Cells,Texture
Cells_Texture_SumAverage_RNA_10_01_256,0.0003488360521548982,Cells,Texture
Cytoplasm_Texture_SumVariance_RNA_5_00_256,0.00034737504253988457,Cytoplasm,Texture
Nuclei_Texture_SumVariance_ER_10_03_256,0.00034726290347342523,Nuclei,Texture
Nuclei_Intensity_MeanIntensity_AGP,0.00034591072456740743,Nuclei,Intensity
Cells_Texture_Entropy_RNA_3_00_256,0.0003455618913559582,Cells,Texture
Nuclei_Texture_Variance_ER_10_00_256,0.00034439319489527924,Nuclei,Texture
Nuclei_Texture_DifferenceEntropy_RNA_5_00_256,0.00034415098662857906,Nuclei,Texture
Nuclei_Texture_SumEntropy_RNA_5_00_256,0.00034364049204149136,Nuclei,Texture
Nuclei_Texture_SumVariance_ER_3_01_256,0.00034233375950212314,Nuclei,Texture
Cells_Texture_Entropy_Mito_3_03_256,0.00034183144210365817,Cells,Texture
Cells_Texture_SumAverage_Mito_5_03_256,0.00034103309060291,Cells,Texture
Cytoplasm_Texture_Entropy_Mito_10_02_256,0.000340410595677635,Cytoplasm,Texture
Cytoplasm_Texture_InfoMeas2_AGP_3_01_256,0.0003398875690512731,Cytoplasm,Texture
Cytoplasm_RadialDistribution_RadialCV_mito_tubeness_10of16,0.00033966056476856463,Cytoplasm,RadialDistribution
Cytoplasm_Texture_Contrast_AGP_5_03_256,0.0003390699507456572,Cytoplasm,Texture
Nuclei_Texture_InfoMeas2_ER_5_01_256,0.00033902313364429966,Nuclei,Texture
Cytoplasm_Intensity_MeanIntensity_Mito,0.0003389469756543154,Cytoplasm,Intensity
Cells_Texture_SumAverage_Mito_3_01_256,0.0003379960978227408,Cells,Texture
Nuclei_Texture_DifferenceVariance_ER_3_01_256,0.00033790035373645617,Nuclei,Texture
Nuclei_Texture_Entropy_RNA_10_02_256,0.00033778115903926065,Nuclei,Texture
Cells_Texture_DifferenceEntropy_RNA_3_01_256,0.00033753380057794806,Cells,Texture
Nuclei_Texture_Contrast_DNA_10_00_256,0.0003365770465136718,Nuclei,Texture
Nuclei_Texture_SumAverage_AGP_5_00_256,0.0003356607410358135,Nuclei,Texture
Nuclei_Texture_SumEntropy_RNA_10_00_256,0.000335557313127148,Nuclei,Texture
Nuclei_Texture_Variance_ER_3_03_256,0.00033509340799225485,Nuclei,Texture
Cells_Texture_InverseDifferenceMoment_RNA_10_01_256,0.00033443808145550846,Cells,Texture
Cytoplasm_Texture_Variance_AGP_10_00_256,0.00033293107716636836,Cytoplasm,Texture
Cytoplasm_Intensity_StdIntensity_RNA,0.00033255267989391413,Cytoplasm,Intensity
Nuclei_Texture_Variance_ER_10_03_256,0.00033232068876194325,Nuclei,Texture
Nuclei_Texture_SumEntropy_RNA_3_01_256,0.0003315693321681985,Nuclei,Texture
Cells_Texture_InfoMeas1_AGP_3_01_256,0.00033145829332430107,Cells,Texture
Nuclei_Texture_SumAverage_AGP_5_02_256,0.00033063345985056,Nuclei,Texture
Cytoplasm_Texture_DifferenceEntropy_AGP_3_02_256,0.00033032188124837246,Cytoplasm,Texture
Cytoplasm_Texture_DifferenceVariance_AGP_10_01_256,0.0003298166032451328,Cytoplasm,Texture
Nuclei_Texture_SumEntropy_RNA_5_01_256,0.00032938492057577864,Nuclei,Texture
Cells_Texture_DifferenceEntropy_AGP_5_03_256,0.00032793160958265486,Cells,Texture
Nuclei_Texture_SumAverage_AGP_5_03_256,0.0003273843674560339,Nuclei,Texture
Cells_Texture_SumAverage_RNA_10_03_256,0.0003273781898743826,Cells,Texture
Cells_Texture_SumVariance_RNA_10_01_256,0.00032660364637519834,Cells,Texture
Cells_Texture_Entropy_Mito_5_01_256,0.00032490767473713534,Cells,Texture
Cells_Texture_Entropy_Mito_5_03_256,0.0003241130766920313,Cells,Texture
Cells_Texture_SumAverage_Mito_10_03_256,0.00032406296178253666,Cells,Texture
Cytoplasm_Texture_SumEntropy_Mito_10_02_256,0.0003236280735239104,Cytoplasm,Texture
Cytoplasm_Intensity_IntegratedIntensityEdge_Mito,0.0003215521546988904,Cytoplasm,Intensity
Cells_Texture_Entropy_RNA_10_00_256,0.0003214188664683856,Cells,Texture
Nuclei_Texture_SumEntropy_RNA_5_02_256,0.0003211171377630048,Nuclei,Texture
Cytoplasm_Texture_SumVariance_RNA_5_01_256,0.0003209458423797124,Cytoplasm,Texture
Cytoplasm_Texture_DifferenceEntropy_AGP_10_00_256,0.00032000553316003836,Cytoplasm,Texture
Nuclei_Intensity_IntegratedIntensityEdge_Mito,0.00031908869486220025,Nuclei,Intensity
Nuclei_Texture_InfoMeas2_Mito_10_03_256,0.00031877190480794783,Nuclei,Texture
Cells_Texture_SumAverage_RNA_10_00_256,0.00031870838325046084,Cells,Texture
Cells_Texture_Variance_Mito_10_02_256,0.0003178974074113025,Cells,Texture
Nuclei_Texture_DifferenceVariance_ER_10_02_256,0.0003174391305700348,Nuclei,Texture
Cytoplasm_Texture_Variance_AGP_5_01_256,0.0003171066894305698,Cytoplasm,Texture
Nuclei_Texture_Entropy_RNA_5_00_256,0.0003169054933070064,Nuclei,Texture
Cells_Texture_Contrast_RNA_3_03_256,0.0003168380922677118,Cells,Texture
Cells_Texture_SumEntropy_Mito_3_02_256,0.0003164798974103178,Cells,Texture
Cytoplasm_Texture_InfoMeas2_DNA_3_02_256,0.0003157358908544796,Cytoplasm,Texture
Cytoplasm_Texture_DifferenceVariance_AGP_10_03_256,0.000314720861132238,Cytoplasm,Texture
Cells_Texture_Entropy_Mito_5_00_256,0.000314520438868645,Cells,Texture
Nuclei_RadialDistribution_FracAtD_AGP_1of4,0.00031372028952059085,Nuclei,RadialDistribution
Nuclei_Intensity_MaxIntensityEdge_Mito,0.00031369992206886567,Nuclei,Intensity
Nuclei_Texture_SumEntropy_RNA_10_02_256,0.0003122582254491135,Nuclei,Texture
Cytoplasm_Texture_DifferenceVariance_AGP_3_00_256,0.00031178026057984557,Cytoplasm,Texture
Cells_Texture_Correlation_RNA_5_01_256,0.00031141224178282657,Cells,Texture
Nuclei_Texture_DifferenceVariance_ER_10_01_256,0.0003113840890978281,Nuclei,Texture
Cytoplasm_Texture_InfoMeas2_RNA_10_02_256,0.000310327055045231,Cytoplasm,Texture
Cells_Texture_InfoMeas2_AGP_3_00_256,0.00031005495409707303,Cells,Texture
Nuclei_Intensity_StdIntensityEdge_RNA,0.0003073722453700611,Nuclei,Intensity
Cells_Texture_InfoMeas2_RNA_5_00_256,0.00030720785025810724,Cells,Texture
Nuclei_Texture_InfoMeas2_RNA_5_01_256,0.00030690329773538645,Nuclei,Texture
Cells_Texture_SumEntropy_RNA_5_01_256,0.0003068654329081255,Cells,Texture
Cells_Texture_Contrast_RNA_10_02_256,0.00030670460625905043,Cells,Texture
Nuclei_Intensity_MaxIntensityEdge_RNA,0.0003065366510340287,Nuclei,Intensity
Cells_Texture_Entropy_RNA_5_00_256,0.00030617028716603404,Cells,Texture
Cells_Texture_SumAverage_Mito_5_01_256,0.0003060326180216829,Cells,Texture
Nuclei_Intensity_MeanIntensityEdge_RNA,0.00030533386263024504,Nuclei,Intensity
Nuclei_Texture_DifferenceEntropy_RNA_10_01_256,0.0003040682438904696,Nuclei,Texture
Cells_Texture_Entropy_Mito_3_02_256,0.00030405876407582714,Cells,Texture
Cytoplasm_Texture_Entropy_Mito_3_00_256,0.00030331681793573545,Cytoplasm,Texture
Nuclei_Texture_Variance_DNA_10_00_256,0.0003032237881579444,Nuclei,Texture
Nuclei_Texture_DifferenceVariance_RNA_10_00_256,0.00030258267327228945,Nuclei,Texture
Cells_Texture_DifferenceEntropy_RNA_3_02_256,0.00030240699301819926,Cells,Texture
Cells_Texture_Contrast_RNA_5_02_256,0.0003019052629191979,Cells,Texture
Cytoplasm_Intensity_MaxIntensityEdge_Mito,0.0003018625447540606,Cytoplasm,Intensity
Cells_Texture_SumEntropy_RNA_10_02_256,0.00030100539907964826,Cells,Texture
Cytoplasm_Texture_DifferenceVariance_AGP_10_00_256,0.00030074692667442704,Cytoplasm,Texture
Cells_Texture_SumAverage_Mito_10_00_256,0.0003002477296403023,Cells,Texture
Cells_Texture_SumEntropy_RNA_5_03_256,0.00030021866015122865,Cells,Texture
Nuclei_Texture_SumAverage_AGP_3_03_256,0.0002999432154781191,Nuclei,Texture
Cells_Texture_SumAverage_Mito_5_02_256,0.0002995213427386391,Cells,Texture
Nuclei_Texture_Entropy_RNA_10_03_256,0.0002983765980090019,Nuclei,Texture
Nuclei_Intensity_StdIntensity_RNA,0.00029789549973494495,Nuclei,Intensity
Cells_Texture_DifferenceEntropy_RNA_10_02_256,0.00029689391672036434,Cells,Texture
Nuclei_Texture_SumAverage_AGP_3_02_256,0.00029677916642737855,Nuclei,Texture
Nuclei_Texture_SumAverage_AGP_3_01_256,0.0002966780769773842,Nuclei,Texture
Cells_Texture_SumEntropy_Mito_3_00_256,0.00029659455145844863,Cells,Texture
Cytoplasm_Texture_Entropy_Mito_5_01_256,0.0002963811543785206,Cytoplasm,Texture
Nuclei_Texture_Entropy_RNA_3_00_256,0.00029636280801631596,Nuclei,Texture
Cells_Texture_DifferenceEntropy_RNA_10_03_256,0.0002953506119248621,Cells,Texture
Nuclei_Texture_SumEntropy_RNA_5_03_256,0.00029330725236442436,Nuclei,Texture
Nuclei_Intensity_MedianIntensity_AGP,0.000292806131954941,Nuclei,Intensity
Nuclei_Texture_InfoMeas2_ER_10_00_256,0.0002910678339497151,Nuclei,Texture
Cells_Texture_Contrast_RNA_10_03_256,0.00029087541399738776,Cells,Texture
Nuclei_Texture_Entropy_RNA_5_01_256,0.00029084568675898483,Nuclei,Texture
Nuclei_Texture_SumAverage_AGP_10_00_256,0.00029066482751139637,Nuclei,Texture
Cytoplasm_Texture_DifferenceVariance_AGP_3_02_256,0.0002904238414495402,Cytoplasm,Texture
Cells_Texture_Contrast_Mito_5_03_256,0.00029011375980189766,Cells,Texture
Cells_Texture_DifferenceVariance_AGP_10_02_256,0.0002897909129546861,Cells,Texture
Cells_Texture_SumAverage_Mito_3_03_256,0.0002888646988230903,Cells,Texture
Cells_Intensity_MeanIntensity_Mito,0.00028850654554779407,Cells,Intensity
Cells_Texture_Entropy_Mito_3_01_256,0.0002852477049305792,Cells,Texture
Nuclei_Texture_SumAverage_AGP_10_02_256,0.00028420717443728853,Nuclei,Texture
Nuclei_Texture_DifferenceEntropy_RNA_10_03_256,0.00028279015212059937,Nuclei,Texture
Nuclei_Granularity_1_RNA,0.0002825850126708117,Nuclei,Granularity
Cells_Texture_SumEntropy_RNA_10_00_256,0.000281402231404562,Cells,Texture
Cytoplasm_Texture_Entropy_Mito_3_01_256,0.00028059214554429805,Cytoplasm,Texture
Cells_Texture_Contrast_RNA_5_03_256,0.00028056247831565476,Cells,Texture
Nuclei_Texture_Entropy_RNA_5_03_256,0.0002805405100071669,Nuclei,Texture
Cytoplasm_Texture_DifferenceVariance_AGP_5_01_256,0.0002787075794393396,Cytoplasm,Texture
Nuclei_Texture_Entropy_RNA_3_02_256,0.00027799525581810613,Nuclei,Texture
Cytoplasm_Texture_Correlation_ER_5_01_256,0.0002778945301562479,Cytoplasm,Texture
Cytoplasm_Texture_DifferenceVariance_AGP_5_00_256,0.00027678341197689147,Cytoplasm,Texture
Nuclei_Texture_DifferenceEntropy_RNA_10_00_256,0.00027578124895041715,Nuclei,Texture
Cytoplasm_Texture_Entropy_Mito_5_03_256,0.00027451607652567744,Cytoplasm,Texture
Nuclei_Texture_DifferenceEntropy_RNA_5_01_256,0.00027447421643695893,Nuclei,Texture
Nuclei_Texture_Entropy_RNA_10_01_256,0.0002732963834140329,Nuclei,Texture
Nuclei_Texture_SumAverage_AGP_3_00_256,0.0002722510532060239,Nuclei,Texture
Nuclei_Texture_SumAverage_AGP_10_03_256,0.00027203479124864315,Nuclei,Texture
Cells_Texture_InverseDifferenceMoment_AGP_5_00_256,0.00027174296470288285,Cells,Texture
Cells_Texture_DifferenceEntropy_RNA_5_02_256,0.000270910245061324,Cells,Texture
Cytoplasm_Texture_Entropy_Mito_10_00_256,0.00027032097493637203,Cytoplasm,Texture
Nuclei_Texture_AngularSecondMoment_ER_5_03_256,0.0002664279071442824,Nuclei,Texture
Cells_Texture_DifferenceVariance_AGP_5_00_256,0.0002661978271186984,Cells,Texture
Cells_Texture_DifferenceEntropy_AGP_3_01_256,0.00026477061675645277,Cells,Texture
Cytoplasm_Texture_SumEntropy_Mito_3_02_256,0.0002643578071690302,Cytoplasm,Texture
Nuclei_Texture_DifferenceEntropy_RNA_3_03_256,0.0002639415067356562,Nuclei,Texture
Nuclei_Texture_DifferenceVariance_RNA_10_03_256,0.0002633924417490821,Nuclei,Texture
Nuclei_Texture_SumAverage_AGP_10_01_256,0.0002631752981242893,Nuclei,Texture
Cytoplasm_Texture_Entropy_Mito_3_03_256,0.00026270086398913657,Cytoplasm,Texture
Cytoplasm_Texture_Entropy_Mito_5_02_256,0.00026162705782813384,Cytoplasm,Texture
Cells_Texture_SumAverage_Mito_10_02_256,0.0002613812710348741,Cells,Texture
Cytoplasm_Texture_Entropy_Mito_3_02_256,0.00026113733717595875,Cytoplasm,Texture
Cells_Texture_DifferenceVariance_AGP_3_01_256,0.00026004045988559354,Cells,Texture
Cytoplasm_Texture_SumEntropy_Mito_3_01_256,0.00025899057165263784,Cytoplasm,Texture
Nuclei_Texture_Entropy_RNA_3_01_256,0.0002588360779087192,Nuclei,Texture
Nuclei_Texture_DifferenceVariance_RNA_10_02_256,0.0002578129499943316,Nuclei,Texture
Cells_Texture_Entropy_Mito_5_02_256,0.0002558140074402867,Cells,Texture
Cytoplasm_Texture_SumEntropy_Mito_3_00_256,0.00025498458549399013,Cytoplasm,Texture
Nuclei_Texture_DifferenceEntropy_RNA_10_02_256,0.0002510515288590146,Nuclei,Texture
Cytoplasm_Texture_InfoMeas1_Mito_10_03_256,0.0002506800344479286,Cytoplasm,Texture
Cells_Texture_DifferenceEntropy_RNA_5_03_256,0.00024644248538087203,Cells,Texture
Nuclei_Texture_Entropy_RNA_5_02_256,0.0002459739225188124,Nuclei,Texture
Nuclei_Intensity_LowerQuartileIntensity_RNA,0.00024323607097487962,Nuclei,Intensity
Cells_Texture_DifferenceEntropy_RNA_10_00_256,0.00023936821141497993,Cells,Texture
Nuclei_Texture_DifferenceVariance_RNA_5_03_256,0.00023865284453287522,Nuclei,Texture
Cytoplasm_Texture_Entropy_Mito_5_00_256,0.00023648200072768434,Cytoplasm,Texture
Cytoplasm_Texture_SumEntropy_Mito_5_03_256,0.00022631582687381523,Cytoplasm,Texture
Cytoplasm_Texture_SumEntropy_Mito_3_03_256,0.00022503215445015355,Cytoplasm,Texture
Nuclei_Texture_DifferenceEntropy_RNA_5_03_256,0.00022443472415099159,Nuclei,Texture
Nuclei_Texture_DifferenceVariance_RNA_10_01_256,0.00022406276729173313,Nuclei,Texture
Nuclei_Intensity_MADIntensity_RNA,0.00022346046100340443,Nuclei,Intensity
Cytoplasm_Granularity_5_DNA,0.00021970355027276257,Cytoplasm,Granularity
Cytoplasm_Texture_DifferenceVariance_AGP_3_01_256,0.00021947702829882993,Cytoplasm,Texture
Cells_Texture_DifferenceVariance_AGP_5_01_256,0.00021541718655498698,Cells,Texture
Nuclei_Texture_Entropy_RNA_3_03_256,0.00021443639239911201,Nuclei,Texture
Cytoplasm_Texture_SumEntropy_Mito_5_00_256,0.00021370796097926358,Cytoplasm,Texture
Cytoplasm_Texture_DifferenceVariance_AGP_3_03_256,0.00021167819549905938,Cytoplasm,Texture
Cells_Texture_DifferenceVariance_AGP_3_02_256,0.0002037774006352525,Cells,Texture
Cells_Texture_DifferenceVariance_AGP_3_03_256,0.00019593745837304206,Cells,Texture
Cytoplasm_Texture_SumEntropy_Mito_5_01_256,0.00018958736101922112,Cytoplasm,Texture
Cytoplasm_Texture_SumEntropy_Mito_5_02_256,0.00017143401985062414,Cytoplasm,Texture
Cells_Texture_DifferenceVariance_AGP_3_00_256,0.00015375654189873396,Cells,Texture
